Site,Date,Transect,Lat..Start.,Long..Start.,Lat..End.,Long..End.,Quad.No,Side,Mussel,Anem.,Barn.,Other,algae_type,perc_cover
Point Pinos,20210629,6,36.63841,121.93748,36.63851,121.93765,1,NA,0.5,0,0,0,Cr.NC,80
Point Pinos,20210629,6,36.63841,121.93748,36.63851,121.93765,1,NA,0.5,0,0,0,Cr.Cor,0
Point Pinos,20210629,6,36.63841,121.93748,36.63851,121.93765,1,NA,0.5,0,0,0,AC,0.5
Point Pinos,20210629,6,36.63841,121.93748,36.63851,121.93765,1,NA,0.5,0,0,0,Fila.,0
Point Pinos,20210629,6,36.63841,121.93748,36.63851,121.93765,1,NA,0.5,0,0,0,Cort.,1
Point Pinos,20210629,6,36.63841,121.93748,36.63851,121.93765,1,NA,0.5,0,0,0,Foliose,4.5
Point Pinos,20210629,6,36.63841,121.93748,36.63851,121.93765,1,NA,0.5,0,0,0,Leath.,92
Point Pinos,20210629,6,36.63841,121.93748,36.63851,121.93765,1,NA,0.5,0,0,0,Kelp,0
Point Pinos,20210629,6,36.63841,121.93748,36.63851,121.93765,1,NA,0.5,0,0,0,SG,0.5
Point Pinos,20210629,6,36.63841,121.93748,36.63851,121.93765,1,NA,0.5,0,0,0,BR,4
Point Pinos,20210629,6,36.63841,121.93748,36.63851,121.93765,2,NA,0,1,0,0,Cr.NC,90
Point Pinos,20210629,6,36.63841,121.93748,36.63851,121.93765,2,NA,0,1,0,0,Cr.Cor,0
Point Pinos,20210629,6,36.63841,121.93748,36.63851,121.93765,2,NA,0,1,0,0,AC,0.5
Point Pinos,20210629,6,36.63841,121.93748,36.63851,121.93765,2,NA,0,1,0,0,Fila.,0.5
Point Pinos,20210629,6,36.63841,121.93748,36.63851,121.93765,2,NA,0,1,0,0,Cort.,3
Point Pinos,20210629,6,36.63841,121.93748,36.63851,121.93765,2,NA,0,1,0,0,Foliose,1
Point Pinos,20210629,6,36.63841,121.93748,36.63851,121.93765,2,NA,0,1,0,0,Leath.,17
Point Pinos,20210629,6,36.63841,121.93748,36.63851,121.93765,2,NA,0,1,0,0,Kelp,0
Point Pinos,20210629,6,36.63841,121.93748,36.63851,121.93765,2,NA,0,1,0,0,SG,0
Point Pinos,20210629,6,36.63841,121.93748,36.63851,121.93765,2,NA,0,1,0,0,BR,28
Point Pinos,20210629,6,36.63841,121.93748,36.63851,121.93765,3,NA,0,0,0,0.5,Cr.NC,50
Point Pinos,20210629,6,36.63841,121.93748,36.63851,121.93765,3,NA,0,0,0,0.5,Cr.Cor,10
Point Pinos,20210629,6,36.63841,121.93748,36.63851,121.93765,3,NA,0,0,0,0.5,AC,1
Point Pinos,20210629,6,36.63841,121.93748,36.63851,121.93765,3,NA,0,0,0,0.5,Fila.,0
Point Pinos,20210629,6,36.63841,121.93748,36.63851,121.93765,3,NA,0,0,0,0.5,Cort.,3
Point Pinos,20210629,6,36.63841,121.93748,36.63851,121.93765,3,NA,0,0,0,0.5,Foliose,0
Point Pinos,20210629,6,36.63841,121.93748,36.63851,121.93765,3,NA,0,0,0,0.5,Leath.,15
Point Pinos,20210629,6,36.63841,121.93748,36.63851,121.93765,3,NA,0,0,0,0.5,Kelp,0
Point Pinos,20210629,6,36.63841,121.93748,36.63851,121.93765,3,NA,0,0,0,0.5,SG,0.75
Point Pinos,20210629,6,36.63841,121.93748,36.63851,121.93765,3,NA,0,0,0,0.5,BR,5
Point Pinos,20210629,6,36.63841,121.93748,36.63851,121.93765,4,NA,0,1,0,1,Cr.NC,50
Point Pinos,20210629,6,36.63841,121.93748,36.63851,121.93765,4,NA,0,1,0,1,Cr.Cor,25
Point Pinos,20210629,6,36.63841,121.93748,36.63851,121.93765,4,NA,0,1,0,1,AC,0.5
Point Pinos,20210629,6,36.63841,121.93748,36.63851,121.93765,4,NA,0,1,0,1,Fila.,0
Point Pinos,20210629,6,36.63841,121.93748,36.63851,121.93765,4,NA,0,1,0,1,Cort.,10
Point Pinos,20210629,6,36.63841,121.93748,36.63851,121.93765,4,NA,0,1,0,1,Foliose,0
Point Pinos,20210629,6,36.63841,121.93748,36.63851,121.93765,4,NA,0,1,0,1,Leath.,8
Point Pinos,20210629,6,36.63841,121.93748,36.63851,121.93765,4,NA,0,1,0,1,Kelp,0
Point Pinos,20210629,6,36.63841,121.93748,36.63851,121.93765,4,NA,0,1,0,1,SG,8
Point Pinos,20210629,6,36.63841,121.93748,36.63851,121.93765,4,NA,0,1,0,1,BR,0
Point Pinos,20210629,6,36.63841,121.93748,36.63851,121.93765,5,NA,14,0,0,3,Cr.NC,49
Point Pinos,20210629,6,36.63841,121.93748,36.63851,121.93765,5,NA,14,0,0,3,Cr.Cor,5
Point Pinos,20210629,6,36.63841,121.93748,36.63851,121.93765,5,NA,14,0,0,3,AC,2
Point Pinos,20210629,6,36.63841,121.93748,36.63851,121.93765,5,NA,14,0,0,3,Fila.,1
Point Pinos,20210629,6,36.63841,121.93748,36.63851,121.93765,5,NA,14,0,0,3,Cort.,20
Point Pinos,20210629,6,36.63841,121.93748,36.63851,121.93765,5,NA,14,0,0,3,Foliose,0
Point Pinos,20210629,6,36.63841,121.93748,36.63851,121.93765,5,NA,14,0,0,3,Leath.,11
Point Pinos,20210629,6,36.63841,121.93748,36.63851,121.93765,5,NA,14,0,0,3,Kelp,0
Point Pinos,20210629,6,36.63841,121.93748,36.63851,121.93765,5,NA,14,0,0,3,SG,0
Point Pinos,20210629,6,36.63841,121.93748,36.63851,121.93765,5,NA,14,0,0,3,BR,10
Cannery Row,20210626,3,36.61393,121.89761,36.614,121.89775,1,Sea,21,0,10,0,Cr.NC,9
Cannery Row,20210626,3,36.61393,121.89761,36.614,121.89775,1,Sea,21,0,10,0,Cr.Cor,2
Cannery Row,20210626,3,36.61393,121.89761,36.614,121.89775,1,Sea,21,0,10,0,AC,0
Cannery Row,20210626,3,36.61393,121.89761,36.614,121.89775,1,Sea,21,0,10,0,Fila.,0
Cannery Row,20210626,3,36.61393,121.89761,36.614,121.89775,1,Sea,21,0,10,0,Cort.,3
Cannery Row,20210626,3,36.61393,121.89761,36.614,121.89775,1,Sea,21,0,10,0,Foliose,0
Cannery Row,20210626,3,36.61393,121.89761,36.614,121.89775,1,Sea,21,0,10,0,Leath.,11
Cannery Row,20210626,3,36.61393,121.89761,36.614,121.89775,1,Sea,21,0,10,0,Kelp,0
Cannery Row,20210626,3,36.61393,121.89761,36.614,121.89775,1,Sea,21,0,10,0,SG,0
Cannery Row,20210626,3,36.61393,121.89761,36.614,121.89775,1,Sea,21,0,10,0,BR,50
Cannery Row,20210626,3,36.61393,121.89761,36.614,121.89775,2,Land,13,0,5,10,Cr.NC,10
Cannery Row,20210626,3,36.61393,121.89761,36.614,121.89775,2,Land,13,0,5,10,Cr.Cor,1
Cannery Row,20210626,3,36.61393,121.89761,36.614,121.89775,2,Land,13,0,5,10,AC,27
Cannery Row,20210626,3,36.61393,121.89761,36.614,121.89775,2,Land,13,0,5,10,Fila.,1
Cannery Row,20210626,3,36.61393,121.89761,36.614,121.89775,2,Land,13,0,5,10,Cort.,14
Cannery Row,20210626,3,36.61393,121.89761,36.614,121.89775,2,Land,13,0,5,10,Foliose,2
Cannery Row,20210626,3,36.61393,121.89761,36.614,121.89775,2,Land,13,0,5,10,Leath.,13
Cannery Row,20210626,3,36.61393,121.89761,36.614,121.89775,2,Land,13,0,5,10,Kelp,0
Cannery Row,20210626,3,36.61393,121.89761,36.614,121.89775,2,Land,13,0,5,10,SG,0
Cannery Row,20210626,3,36.61393,121.89761,36.614,121.89775,2,Land,13,0,5,10,BR,5
Cannery Row,20210626,3,36.61393,121.89761,36.614,121.89775,3,Sea,20,1,0,0,Cr.NC,8
Cannery Row,20210626,3,36.61393,121.89761,36.614,121.89775,3,Sea,20,1,0,0,Cr.Cor,2
Cannery Row,20210626,3,36.61393,121.89761,36.614,121.89775,3,Sea,20,1,0,0,AC,6
Cannery Row,20210626,3,36.61393,121.89761,36.614,121.89775,3,Sea,20,1,0,0,Fila.,0
Cannery Row,20210626,3,36.61393,121.89761,36.614,121.89775,3,Sea,20,1,0,0,Cort.,13
Cannery Row,20210626,3,36.61393,121.89761,36.614,121.89775,3,Sea,20,1,0,0,Foliose,0
Cannery Row,20210626,3,36.61393,121.89761,36.614,121.89775,3,Sea,20,1,0,0,Leath.,42
Cannery Row,20210626,3,36.61393,121.89761,36.614,121.89775,3,Sea,20,1,0,0,Kelp,0
Cannery Row,20210626,3,36.61393,121.89761,36.614,121.89775,3,Sea,20,1,0,0,SG,0
Cannery Row,20210626,3,36.61393,121.89761,36.614,121.89775,3,Sea,20,1,0,0,BR,7
Cannery Row,20210626,3,36.61393,121.89761,36.614,121.89775,4,Land,3,0,1,1,Cr.NC,10
Cannery Row,20210626,3,36.61393,121.89761,36.614,121.89775,4,Land,3,0,1,1,Cr.Cor,7
Cannery Row,20210626,3,36.61393,121.89761,36.614,121.89775,4,Land,3,0,1,1,AC,3
Cannery Row,20210626,3,36.61393,121.89761,36.614,121.89775,4,Land,3,0,1,1,Fila.,0
Cannery Row,20210626,3,36.61393,121.89761,36.614,121.89775,4,Land,3,0,1,1,Cort.,16
Cannery Row,20210626,3,36.61393,121.89761,36.614,121.89775,4,Land,3,0,1,1,Foliose,0
Cannery Row,20210626,3,36.61393,121.89761,36.614,121.89775,4,Land,3,0,1,1,Leath.,32
Cannery Row,20210626,3,36.61393,121.89761,36.614,121.89775,4,Land,3,0,1,1,Kelp,0
Cannery Row,20210626,3,36.61393,121.89761,36.614,121.89775,4,Land,3,0,1,1,SG,0
Cannery Row,20210626,3,36.61393,121.89761,36.614,121.89775,4,Land,3,0,1,1,BR,50
Cannery Row,20210626,3,36.61393,121.89761,36.614,121.89775,5,Sea,2,1,0,0,Cr.NC,29
Cannery Row,20210626,3,36.61393,121.89761,36.614,121.89775,5,Sea,2,1,0,0,Cr.Cor,12
Cannery Row,20210626,3,36.61393,121.89761,36.614,121.89775,5,Sea,2,1,0,0,AC,28
Cannery Row,20210626,3,36.61393,121.89761,36.614,121.89775,5,Sea,2,1,0,0,Fila.,1
Cannery Row,20210626,3,36.61393,121.89761,36.614,121.89775,5,Sea,2,1,0,0,Cort.,9
Cannery Row,20210626,3,36.61393,121.89761,36.614,121.89775,5,Sea,2,1,0,0,Foliose,0
Cannery Row,20210626,3,36.61393,121.89761,36.614,121.89775,5,Sea,2,1,0,0,Leath.,7
Cannery Row,20210626,3,36.61393,121.89761,36.614,121.89775,5,Sea,2,1,0,0,Kelp,0
Cannery Row,20210626,3,36.61393,121.89761,36.614,121.89775,5,Sea,2,1,0,0,SG,0
Cannery Row,20210626,3,36.61393,121.89761,36.614,121.89775,5,Sea,2,1,0,0,BR,18
Point Pinos,20210629,5,36.63845,121.93727,36.63843,121.93748,1,Land,1,1,0,0,Cr.NC,36
Point Pinos,20210629,5,36.63845,121.93727,36.63843,121.93748,1,Land,1,1,0,0,Cr.Cor,4
Point Pinos,20210629,5,36.63845,121.93727,36.63843,121.93748,1,Land,1,1,0,0,AC,0
Point Pinos,20210629,5,36.63845,121.93727,36.63843,121.93748,1,Land,1,1,0,0,Fila.,1
Point Pinos,20210629,5,36.63845,121.93727,36.63843,121.93748,1,Land,1,1,0,0,Cort.,4
Point Pinos,20210629,5,36.63845,121.93727,36.63843,121.93748,1,Land,1,1,0,0,Foliose,45
Point Pinos,20210629,5,36.63845,121.93727,36.63843,121.93748,1,Land,1,1,0,0,Leath.,22
Point Pinos,20210629,5,36.63845,121.93727,36.63843,121.93748,1,Land,1,1,0,0,Kelp,0
Point Pinos,20210629,5,36.63845,121.93727,36.63843,121.93748,1,Land,1,1,0,0,SG,0
Point Pinos,20210629,5,36.63845,121.93727,36.63843,121.93748,1,Land,1,1,0,0,BR,5
Point Pinos,20210629,5,36.63845,121.93727,36.63843,121.93748,2,Sea,1,1,2,0,Cr.NC,35
Point Pinos,20210629,5,36.63845,121.93727,36.63843,121.93748,2,Sea,1,1,2,0,Cr.Cor,8
Point Pinos,20210629,5,36.63845,121.93727,36.63843,121.93748,2,Sea,1,1,2,0,AC,0
Point Pinos,20210629,5,36.63845,121.93727,36.63843,121.93748,2,Sea,1,1,2,0,Fila.,1
Point Pinos,20210629,5,36.63845,121.93727,36.63843,121.93748,2,Sea,1,1,2,0,Cort.,30
Point Pinos,20210629,5,36.63845,121.93727,36.63843,121.93748,2,Sea,1,1,2,0,Foliose,5
Point Pinos,20210629,5,36.63845,121.93727,36.63843,121.93748,2,Sea,1,1,2,0,Leath.,16
Point Pinos,20210629,5,36.63845,121.93727,36.63843,121.93748,2,Sea,1,1,2,0,Kelp,0
Point Pinos,20210629,5,36.63845,121.93727,36.63843,121.93748,2,Sea,1,1,2,0,SG,0
Point Pinos,20210629,5,36.63845,121.93727,36.63843,121.93748,2,Sea,1,1,2,0,BR,12
Point Pinos,20210629,5,36.63845,121.93727,36.63843,121.93748,3,Sea,0,0,1,0,Cr.NC,38
Point Pinos,20210629,5,36.63845,121.93727,36.63843,121.93748,3,Sea,0,0,1,0,Cr.Cor,12
Point Pinos,20210629,5,36.63845,121.93727,36.63843,121.93748,3,Sea,0,0,1,0,AC,0
Point Pinos,20210629,5,36.63845,121.93727,36.63843,121.93748,3,Sea,0,0,1,0,Fila.,0
Point Pinos,20210629,5,36.63845,121.93727,36.63843,121.93748,3,Sea,0,0,1,0,Cort.,1
Point Pinos,20210629,5,36.63845,121.93727,36.63843,121.93748,3,Sea,0,0,1,0,Foliose,1
Point Pinos,20210629,5,36.63845,121.93727,36.63843,121.93748,3,Sea,0,0,1,0,Leath.,15
Point Pinos,20210629,5,36.63845,121.93727,36.63843,121.93748,3,Sea,0,0,1,0,Kelp,0
Point Pinos,20210629,5,36.63845,121.93727,36.63843,121.93748,3,Sea,0,0,1,0,SG,22
Point Pinos,20210629,5,36.63845,121.93727,36.63843,121.93748,3,Sea,0,0,1,0,BR,8
Point Pinos,20210629,5,36.63845,121.93727,36.63843,121.93748,4,Land,0,1,1,0,Cr.NC,30
Point Pinos,20210629,5,36.63845,121.93727,36.63843,121.93748,4,Land,0,1,1,0,Cr.Cor,3
Point Pinos,20210629,5,36.63845,121.93727,36.63843,121.93748,4,Land,0,1,1,0,AC,0
Point Pinos,20210629,5,36.63845,121.93727,36.63843,121.93748,4,Land,0,1,1,0,Fila.,1
Point Pinos,20210629,5,36.63845,121.93727,36.63843,121.93748,4,Land,0,1,1,0,Cort.,2
Point Pinos,20210629,5,36.63845,121.93727,36.63843,121.93748,4,Land,0,1,1,0,Foliose,42
Point Pinos,20210629,5,36.63845,121.93727,36.63843,121.93748,4,Land,0,1,1,0,Leath.,10
Point Pinos,20210629,5,36.63845,121.93727,36.63843,121.93748,4,Land,0,1,1,0,Kelp,0
Point Pinos,20210629,5,36.63845,121.93727,36.63843,121.93748,4,Land,0,1,1,0,SG,0
Point Pinos,20210629,5,36.63845,121.93727,36.63843,121.93748,4,Land,0,1,1,0,BR,7
Point Pinos,20210629,5,36.63845,121.93727,36.63843,121.93748,5,Land,0,1,1,0,Cr.NC,31
Point Pinos,20210629,5,36.63845,121.93727,36.63843,121.93748,5,Land,0,1,1,0,Cr.Cor,3
Point Pinos,20210629,5,36.63845,121.93727,36.63843,121.93748,5,Land,0,1,1,0,AC,0
Point Pinos,20210629,5,36.63845,121.93727,36.63843,121.93748,5,Land,0,1,1,0,Fila.,0
Point Pinos,20210629,5,36.63845,121.93727,36.63843,121.93748,5,Land,0,1,1,0,Cort.,7
Point Pinos,20210629,5,36.63845,121.93727,36.63843,121.93748,5,Land,0,1,1,0,Foliose,4
Point Pinos,20210629,5,36.63845,121.93727,36.63843,121.93748,5,Land,0,1,1,0,Leath.,27
Point Pinos,20210629,5,36.63845,121.93727,36.63843,121.93748,5,Land,0,1,1,0,Kelp,0
Point Pinos,20210629,5,36.63845,121.93727,36.63843,121.93748,5,Land,0,1,1,0,SG,0
Point Pinos,20210629,5,36.63845,121.93727,36.63843,121.93748,5,Land,0,1,1,0,BR,18
Cannery Row,20210628,6,36.61452,121.8977,36.61444,121.89784,1,Land,93,1,0,2,Cr.NC,0
Cannery Row,20210628,6,36.61452,121.8977,36.61444,121.89784,1,Land,93,1,0,2,Cr.Cor,1
Cannery Row,20210628,6,36.61452,121.8977,36.61444,121.89784,1,Land,93,1,0,2,AC,1
Cannery Row,20210628,6,36.61452,121.8977,36.61444,121.89784,1,Land,93,1,0,2,Fila.,0
Cannery Row,20210628,6,36.61452,121.8977,36.61444,121.89784,1,Land,93,1,0,2,Cort.,0
Cannery Row,20210628,6,36.61452,121.8977,36.61444,121.89784,1,Land,93,1,0,2,Foliose,0
Cannery Row,20210628,6,36.61452,121.8977,36.61444,121.89784,1,Land,93,1,0,2,Leath.,0
Cannery Row,20210628,6,36.61452,121.8977,36.61444,121.89784,1,Land,93,1,0,2,Kelp,2
Cannery Row,20210628,6,36.61452,121.8977,36.61444,121.89784,1,Land,93,1,0,2,SG,0
Cannery Row,20210628,6,36.61452,121.8977,36.61444,121.89784,1,Land,93,1,0,2,BR,1
Cannery Row,20210628,6,36.61452,121.8977,36.61444,121.89784,2,Sea,2,0,1,7,Cr.NC,16
Cannery Row,20210628,6,36.61452,121.8977,36.61444,121.89784,2,Sea,2,0,1,7,Cr.Cor,19
Cannery Row,20210628,6,36.61452,121.8977,36.61444,121.89784,2,Sea,2,0,1,7,AC,12
Cannery Row,20210628,6,36.61452,121.8977,36.61444,121.89784,2,Sea,2,0,1,7,Fila.,0
Cannery Row,20210628,6,36.61452,121.8977,36.61444,121.89784,2,Sea,2,0,1,7,Cort.,12
Cannery Row,20210628,6,36.61452,121.8977,36.61444,121.89784,2,Sea,2,0,1,7,Foliose,0
Cannery Row,20210628,6,36.61452,121.8977,36.61444,121.89784,2,Sea,2,0,1,7,Leath.,72
Cannery Row,20210628,6,36.61452,121.8977,36.61444,121.89784,2,Sea,2,0,1,7,Kelp,0
Cannery Row,20210628,6,36.61452,121.8977,36.61444,121.89784,2,Sea,2,0,1,7,SG,0
Cannery Row,20210628,6,36.61452,121.8977,36.61444,121.89784,2,Sea,2,0,1,7,BR,6
Cannery Row,20210628,6,36.61452,121.8977,36.61444,121.89784,3,Land,1,1,1,0,Cr.NC,13
Cannery Row,20210628,6,36.61452,121.8977,36.61444,121.89784,3,Land,1,1,1,0,Cr.Cor,10
Cannery Row,20210628,6,36.61452,121.8977,36.61444,121.89784,3,Land,1,1,1,0,AC,4
Cannery Row,20210628,6,36.61452,121.8977,36.61444,121.89784,3,Land,1,1,1,0,Fila.,0
Cannery Row,20210628,6,36.61452,121.8977,36.61444,121.89784,3,Land,1,1,1,0,Cort.,0
Cannery Row,20210628,6,36.61452,121.8977,36.61444,121.89784,3,Land,1,1,1,0,Foliose,0
Cannery Row,20210628,6,36.61452,121.8977,36.61444,121.89784,3,Land,1,1,1,0,Leath.,51
Cannery Row,20210628,6,36.61452,121.8977,36.61444,121.89784,3,Land,1,1,1,0,Kelp,0
Cannery Row,20210628,6,36.61452,121.8977,36.61444,121.89784,3,Land,1,1,1,0,SG,0
Cannery Row,20210628,6,36.61452,121.8977,36.61444,121.89784,3,Land,1,1,1,0,BR,14
Cannery Row,20210628,6,36.61452,121.8977,36.61444,121.89784,4,Sea,1,2,1,23,Cr.NC,17
Cannery Row,20210628,6,36.61452,121.8977,36.61444,121.89784,4,Sea,1,2,1,23,Cr.Cor,4
Cannery Row,20210628,6,36.61452,121.8977,36.61444,121.89784,4,Sea,1,2,1,23,AC,1
Cannery Row,20210628,6,36.61452,121.8977,36.61444,121.89784,4,Sea,1,2,1,23,Fila.,0
Cannery Row,20210628,6,36.61452,121.8977,36.61444,121.89784,4,Sea,1,2,1,23,Cort.,6
Cannery Row,20210628,6,36.61452,121.8977,36.61444,121.89784,4,Sea,1,2,1,23,Foliose,0
Cannery Row,20210628,6,36.61452,121.8977,36.61444,121.89784,4,Sea,1,2,1,23,Leath.,13
Cannery Row,20210628,6,36.61452,121.8977,36.61444,121.89784,4,Sea,1,2,1,23,Kelp,0
Cannery Row,20210628,6,36.61452,121.8977,36.61444,121.89784,4,Sea,1,2,1,23,SG,0
Cannery Row,20210628,6,36.61452,121.8977,36.61444,121.89784,4,Sea,1,2,1,23,BR,23
Cannery Row,20210628,6,36.61452,121.8977,36.61444,121.89784,5,Land,6,0,5,0,Cr.NC,6
Cannery Row,20210628,6,36.61452,121.8977,36.61444,121.89784,5,Land,6,0,5,0,Cr.Cor,0
Cannery Row,20210628,6,36.61452,121.8977,36.61444,121.89784,5,Land,6,0,5,0,AC,0
Cannery Row,20210628,6,36.61452,121.8977,36.61444,121.89784,5,Land,6,0,5,0,Fila.,1
Cannery Row,20210628,6,36.61452,121.8977,36.61444,121.89784,5,Land,6,0,5,0,Cort.,4
Cannery Row,20210628,6,36.61452,121.8977,36.61444,121.89784,5,Land,6,0,5,0,Foliose,0
Cannery Row,20210628,6,36.61452,121.8977,36.61444,121.89784,5,Land,6,0,5,0,Leath.,53
Cannery Row,20210628,6,36.61452,121.8977,36.61444,121.89784,5,Land,6,0,5,0,Kelp,0
Cannery Row,20210628,6,36.61452,121.8977,36.61444,121.89784,5,Land,6,0,5,0,SG,0
Cannery Row,20210628,6,36.61452,121.8977,36.61444,121.89784,5,Land,6,0,5,0,BR,21
Sea Palm,20210625,1,36.62799,121.92024,36.62784,121.92014,1,NA,0,0,1,0,Cr.NC,16
Sea Palm,20210625,1,36.62799,121.92024,36.62784,121.92014,1,NA,0,0,1,0,Cr.Cor,2
Sea Palm,20210625,1,36.62799,121.92024,36.62784,121.92014,1,NA,0,0,1,0,AC,1
Sea Palm,20210625,1,36.62799,121.92024,36.62784,121.92014,1,NA,0,0,1,0,Fila.,1
Sea Palm,20210625,1,36.62799,121.92024,36.62784,121.92014,1,NA,0,0,1,0,Cort.,2
Sea Palm,20210625,1,36.62799,121.92024,36.62784,121.92014,1,NA,0,0,1,0,Foliose,0
Sea Palm,20210625,1,36.62799,121.92024,36.62784,121.92014,1,NA,0,0,1,0,Leath.,0
Sea Palm,20210625,1,36.62799,121.92024,36.62784,121.92014,1,NA,0,0,1,0,Kelp,0
Sea Palm,20210625,1,36.62799,121.92024,36.62784,121.92014,1,NA,0,0,1,0,SG,56
Sea Palm,20210625,1,36.62799,121.92024,36.62784,121.92014,1,NA,0,0,1,0,BR,18
Sea Palm,20210625,1,36.62799,121.92024,36.62784,121.92014,2,NA,0,0,0,0,Cr.NC,22
Sea Palm,20210625,1,36.62799,121.92024,36.62784,121.92014,2,NA,0,0,0,0,Cr.Cor,1
Sea Palm,20210625,1,36.62799,121.92024,36.62784,121.92014,2,NA,0,0,0,0,AC,6
Sea Palm,20210625,1,36.62799,121.92024,36.62784,121.92014,2,NA,0,0,0,0,Fila.,1
Sea Palm,20210625,1,36.62799,121.92024,36.62784,121.92014,2,NA,0,0,0,0,Cort.,12
Sea Palm,20210625,1,36.62799,121.92024,36.62784,121.92014,2,NA,0,0,0,0,Foliose,0
Sea Palm,20210625,1,36.62799,121.92024,36.62784,121.92014,2,NA,0,0,0,0,Leath.,26
Sea Palm,20210625,1,36.62799,121.92024,36.62784,121.92014,2,NA,0,0,0,0,Kelp,0
Sea Palm,20210625,1,36.62799,121.92024,36.62784,121.92014,2,NA,0,0,0,0,SG,25
Sea Palm,20210625,1,36.62799,121.92024,36.62784,121.92014,2,NA,0,0,0,0,BR,8
Sea Palm,20210625,1,36.62799,121.92024,36.62784,121.92014,3,NA,0,1,1,0,Cr.NC,14
Sea Palm,20210625,1,36.62799,121.92024,36.62784,121.92014,3,NA,0,1,1,0,Cr.Cor,6
Sea Palm,20210625,1,36.62799,121.92024,36.62784,121.92014,3,NA,0,1,1,0,AC,1
Sea Palm,20210625,1,36.62799,121.92024,36.62784,121.92014,3,NA,0,1,1,0,Fila.,2
Sea Palm,20210625,1,36.62799,121.92024,36.62784,121.92014,3,NA,0,1,1,0,Cort.,27
Sea Palm,20210625,1,36.62799,121.92024,36.62784,121.92014,3,NA,0,1,1,0,Foliose,0
Sea Palm,20210625,1,36.62799,121.92024,36.62784,121.92014,3,NA,0,1,1,0,Leath.,26
Sea Palm,20210625,1,36.62799,121.92024,36.62784,121.92014,3,NA,0,1,1,0,Kelp,0
Sea Palm,20210625,1,36.62799,121.92024,36.62784,121.92014,3,NA,0,1,1,0,SG,25
Sea Palm,20210625,1,36.62799,121.92024,36.62784,121.92014,3,NA,0,1,1,0,BR,8
Sea Palm,20210625,1,36.62799,121.92024,36.62784,121.92014,4,NA,0,0,0,0,Cr.NC,3
Sea Palm,20210625,1,36.62799,121.92024,36.62784,121.92014,4,NA,0,0,0,0,Cr.Cor,1
Sea Palm,20210625,1,36.62799,121.92024,36.62784,121.92014,4,NA,0,0,0,0,AC,1
Sea Palm,20210625,1,36.62799,121.92024,36.62784,121.92014,4,NA,0,0,0,0,Fila.,1
Sea Palm,20210625,1,36.62799,121.92024,36.62784,121.92014,4,NA,0,0,0,0,Cort.,1
Sea Palm,20210625,1,36.62799,121.92024,36.62784,121.92014,4,NA,0,0,0,0,Foliose,5
Sea Palm,20210625,1,36.62799,121.92024,36.62784,121.92014,4,NA,0,0,0,0,Leath.,5
Sea Palm,20210625,1,36.62799,121.92024,36.62784,121.92014,4,NA,0,0,0,0,Kelp,0
Sea Palm,20210625,1,36.62799,121.92024,36.62784,121.92014,4,NA,0,0,0,0,SG,93
Sea Palm,20210625,1,36.62799,121.92024,36.62784,121.92014,4,NA,0,0,0,0,BR,2
Sea Palm,20210625,1,36.62799,121.92024,36.62784,121.92014,5,NA,0,0,0,0,Cr.NC,41
Sea Palm,20210625,1,36.62799,121.92024,36.62784,121.92014,5,NA,0,0,0,0,Cr.Cor,1
Sea Palm,20210625,1,36.62799,121.92024,36.62784,121.92014,5,NA,0,0,0,0,AC,3
Sea Palm,20210625,1,36.62799,121.92024,36.62784,121.92014,5,NA,0,0,0,0,Fila.,0
Sea Palm,20210625,1,36.62799,121.92024,36.62784,121.92014,5,NA,0,0,0,0,Cort.,17
Sea Palm,20210625,1,36.62799,121.92024,36.62784,121.92014,5,NA,0,0,0,0,Foliose,1
Sea Palm,20210625,1,36.62799,121.92024,36.62784,121.92014,5,NA,0,0,0,0,Leath.,19
Sea Palm,20210625,1,36.62799,121.92024,36.62784,121.92014,5,NA,0,0,0,0,Kelp,0
Sea Palm,20210625,1,36.62799,121.92024,36.62784,121.92014,5,NA,0,0,0,0,SG,1
Sea Palm,20210625,1,36.62799,121.92024,36.62784,121.92014,5,NA,0,0,0,0,BR,12
Point Pinos,20210727,8,36.63837,121.9385,36.63827,121.93832,1,Land,2,2,1,0,Cr.NC,20
Point Pinos,20210727,8,36.63837,121.9385,36.63827,121.93832,1,Land,2,2,1,0,Cr.Cor,5
Point Pinos,20210727,8,36.63837,121.9385,36.63827,121.93832,1,Land,2,2,1,0,AC,1
Point Pinos,20210727,8,36.63837,121.9385,36.63827,121.93832,1,Land,2,2,1,0,Fila.,0
Point Pinos,20210727,8,36.63837,121.9385,36.63827,121.93832,1,Land,2,2,1,0,Cort.,13
Point Pinos,20210727,8,36.63837,121.9385,36.63827,121.93832,1,Land,2,2,1,0,Foliose,38
Point Pinos,20210727,8,36.63837,121.9385,36.63827,121.93832,1,Land,2,2,1,0,Leath.,14
Point Pinos,20210727,8,36.63837,121.9385,36.63827,121.93832,1,Land,2,2,1,0,Kelp,16
Point Pinos,20210727,8,36.63837,121.9385,36.63827,121.93832,1,Land,2,2,1,0,SG,0
Point Pinos,20210727,8,36.63837,121.9385,36.63827,121.93832,1,Land,2,2,1,0,BR,11
Point Pinos,20210727,8,36.63837,121.9385,36.63827,121.93832,2,Sea,29,1,3,0,Cr.NC,17
Point Pinos,20210727,8,36.63837,121.9385,36.63827,121.93832,2,Sea,29,1,3,0,Cr.Cor,3
Point Pinos,20210727,8,36.63837,121.9385,36.63827,121.93832,2,Sea,29,1,3,0,AC,10
Point Pinos,20210727,8,36.63837,121.9385,36.63827,121.93832,2,Sea,29,1,3,0,Fila.,0
Point Pinos,20210727,8,36.63837,121.9385,36.63827,121.93832,2,Sea,29,1,3,0,Cort.,4
Point Pinos,20210727,8,36.63837,121.9385,36.63827,121.93832,2,Sea,29,1,3,0,Foliose,9
Point Pinos,20210727,8,36.63837,121.9385,36.63827,121.93832,2,Sea,29,1,3,0,Leath.,10
Point Pinos,20210727,8,36.63837,121.9385,36.63827,121.93832,2,Sea,29,1,3,0,Kelp,21
Point Pinos,20210727,8,36.63837,121.9385,36.63827,121.93832,2,Sea,29,1,3,0,SG,0
Point Pinos,20210727,8,36.63837,121.9385,36.63827,121.93832,2,Sea,29,1,3,0,BR,5
Point Pinos,20210727,8,36.63837,121.9385,36.63827,121.93832,3,Land,22,0,5,0,Cr.NC,17
Point Pinos,20210727,8,36.63837,121.9385,36.63827,121.93832,3,Land,22,0,5,0,Cr.Cor,3
Point Pinos,20210727,8,36.63837,121.9385,36.63827,121.93832,3,Land,22,0,5,0,AC,1
Point Pinos,20210727,8,36.63837,121.9385,36.63827,121.93832,3,Land,22,0,5,0,Fila.,0
Point Pinos,20210727,8,36.63837,121.9385,36.63827,121.93832,3,Land,22,0,5,0,Cort.,8
Point Pinos,20210727,8,36.63837,121.9385,36.63827,121.93832,3,Land,22,0,5,0,Foliose,15
Point Pinos,20210727,8,36.63837,121.9385,36.63827,121.93832,3,Land,22,0,5,0,Leath.,18
Point Pinos,20210727,8,36.63837,121.9385,36.63827,121.93832,3,Land,22,0,5,0,Kelp,29
Point Pinos,20210727,8,36.63837,121.9385,36.63827,121.93832,3,Land,22,0,5,0,SG,0
Point Pinos,20210727,8,36.63837,121.9385,36.63827,121.93832,3,Land,22,0,5,0,BR,9
Point Pinos,20210727,8,36.63837,121.9385,36.63827,121.93832,4,Sea,0,1,5,0,Cr.NC,7
Point Pinos,20210727,8,36.63837,121.9385,36.63827,121.93832,4,Sea,0,1,5,0,Cr.Cor,2
Point Pinos,20210727,8,36.63837,121.9385,36.63827,121.93832,4,Sea,0,1,5,0,AC,0
Point Pinos,20210727,8,36.63837,121.9385,36.63827,121.93832,4,Sea,0,1,5,0,Fila.,0
Point Pinos,20210727,8,36.63837,121.9385,36.63827,121.93832,4,Sea,0,1,5,0,Cort.,6
Point Pinos,20210727,8,36.63837,121.9385,36.63827,121.93832,4,Sea,0,1,5,0,Foliose,4
Point Pinos,20210727,8,36.63837,121.9385,36.63827,121.93832,4,Sea,0,1,5,0,Leath.,51
Point Pinos,20210727,8,36.63837,121.9385,36.63827,121.93832,4,Sea,0,1,5,0,Kelp,0
Point Pinos,20210727,8,36.63837,121.9385,36.63827,121.93832,4,Sea,0,1,5,0,SG,0
Point Pinos,20210727,8,36.63837,121.9385,36.63827,121.93832,4,Sea,0,1,5,0,BR,27
Point Pinos,20210727,8,36.63837,121.9385,36.63827,121.93832,5,Sea,0,4,0,0,Cr.NC,12
Point Pinos,20210727,8,36.63837,121.9385,36.63827,121.93832,5,Sea,0,4,0,0,Cr.Cor,1
Point Pinos,20210727,8,36.63837,121.9385,36.63827,121.93832,5,Sea,0,4,0,0,AC,0
Point Pinos,20210727,8,36.63837,121.9385,36.63827,121.93832,5,Sea,0,4,0,0,Fila.,0
Point Pinos,20210727,8,36.63837,121.9385,36.63827,121.93832,5,Sea,0,4,0,0,Cort.,2
Point Pinos,20210727,8,36.63837,121.9385,36.63827,121.93832,5,Sea,0,4,0,0,Foliose,39
Point Pinos,20210727,8,36.63837,121.9385,36.63827,121.93832,5,Sea,0,4,0,0,Leath.,34
Point Pinos,20210727,8,36.63837,121.9385,36.63827,121.93832,5,Sea,0,4,0,0,Kelp,0
Point Pinos,20210727,8,36.63837,121.9385,36.63827,121.93832,5,Sea,0,4,0,0,SG,0
Point Pinos,20210727,8,36.63837,121.9385,36.63827,121.93832,5,Sea,0,4,0,0,BR,3
Sea Palm,20210625,2,36.62804,121.92047,36.62801,121.92026,1,NA,0.5,1,0,0,Cr.NC,16
Sea Palm,20210625,2,36.62804,121.92047,36.62801,121.92026,1,NA,0.5,1,0,0,Cr.Cor,2
Sea Palm,20210625,2,36.62804,121.92047,36.62801,121.92026,1,NA,0.5,1,0,0,AC,0
Sea Palm,20210625,2,36.62804,121.92047,36.62801,121.92026,1,NA,0.5,1,0,0,Fila.,0
Sea Palm,20210625,2,36.62804,121.92047,36.62801,121.92026,1,NA,0.5,1,0,0,Cort.,52
Sea Palm,20210625,2,36.62804,121.92047,36.62801,121.92026,1,NA,0.5,1,0,0,Foliose,0
Sea Palm,20210625,2,36.62804,121.92047,36.62801,121.92026,1,NA,0.5,1,0,0,Leath.,20
Sea Palm,20210625,2,36.62804,121.92047,36.62801,121.92026,1,NA,0.5,1,0,0,Kelp,0
Sea Palm,20210625,2,36.62804,121.92047,36.62801,121.92026,1,NA,0.5,1,0,0,SG,0
Sea Palm,20210625,2,36.62804,121.92047,36.62801,121.92026,1,NA,0.5,1,0,0,BR,10
Sea Palm,20210625,2,36.62804,121.92047,36.62801,121.92026,2,NA,0,1,0,0,Cr.NC,30
Sea Palm,20210625,2,36.62804,121.92047,36.62801,121.92026,2,NA,0,1,0,0,Cr.Cor,13
Sea Palm,20210625,2,36.62804,121.92047,36.62801,121.92026,2,NA,0,1,0,0,AC,1
Sea Palm,20210625,2,36.62804,121.92047,36.62801,121.92026,2,NA,0,1,0,0,Fila.,1
Sea Palm,20210625,2,36.62804,121.92047,36.62801,121.92026,2,NA,0,1,0,0,Cort.,7
Sea Palm,20210625,2,36.62804,121.92047,36.62801,121.92026,2,NA,0,1,0,0,Foliose,0
Sea Palm,20210625,2,36.62804,121.92047,36.62801,121.92026,2,NA,0,1,0,0,Leath.,28
Sea Palm,20210625,2,36.62804,121.92047,36.62801,121.92026,2,NA,0,1,0,0,Kelp,0
Sea Palm,20210625,2,36.62804,121.92047,36.62801,121.92026,2,NA,0,1,0,0,SG,1
Sea Palm,20210625,2,36.62804,121.92047,36.62801,121.92026,2,NA,0,1,0,0,BR,21
Sea Palm,20210625,2,36.62804,121.92047,36.62801,121.92026,3,NA,0,2,0,4,Cr.NC,27
Sea Palm,20210625,2,36.62804,121.92047,36.62801,121.92026,3,NA,0,2,0,4,Cr.Cor,3
Sea Palm,20210625,2,36.62804,121.92047,36.62801,121.92026,3,NA,0,2,0,4,AC,0
Sea Palm,20210625,2,36.62804,121.92047,36.62801,121.92026,3,NA,0,2,0,4,Fila.,0
Sea Palm,20210625,2,36.62804,121.92047,36.62801,121.92026,3,NA,0,2,0,4,Cort.,15
Sea Palm,20210625,2,36.62804,121.92047,36.62801,121.92026,3,NA,0,2,0,4,Foliose,0
Sea Palm,20210625,2,36.62804,121.92047,36.62801,121.92026,3,NA,0,2,0,4,Leath.,0
Sea Palm,20210625,2,36.62804,121.92047,36.62801,121.92026,3,NA,0,2,0,4,Kelp,0
Sea Palm,20210625,2,36.62804,121.92047,36.62801,121.92026,3,NA,0,2,0,4,SG,0
Sea Palm,20210625,2,36.62804,121.92047,36.62801,121.92026,3,NA,0,2,0,4,BR,63
Sea Palm,20210625,2,36.62804,121.92047,36.62801,121.92026,4,NA,0,0,0,0,Cr.NC,8
Sea Palm,20210625,2,36.62804,121.92047,36.62801,121.92026,4,NA,0,0,0,0,Cr.Cor,4
Sea Palm,20210625,2,36.62804,121.92047,36.62801,121.92026,4,NA,0,0,0,0,AC,13
Sea Palm,20210625,2,36.62804,121.92047,36.62801,121.92026,4,NA,0,0,0,0,Fila.,0
Sea Palm,20210625,2,36.62804,121.92047,36.62801,121.92026,4,NA,0,0,0,0,Cort.,8
Sea Palm,20210625,2,36.62804,121.92047,36.62801,121.92026,4,NA,0,0,0,0,Foliose,0
Sea Palm,20210625,2,36.62804,121.92047,36.62801,121.92026,4,NA,0,0,0,0,Leath.,15
Sea Palm,20210625,2,36.62804,121.92047,36.62801,121.92026,4,NA,0,0,0,0,Kelp,0
Sea Palm,20210625,2,36.62804,121.92047,36.62801,121.92026,4,NA,0,0,0,0,SG,3
Sea Palm,20210625,2,36.62804,121.92047,36.62801,121.92026,4,NA,0,0,0,0,BR,12
Sea Palm,20210625,2,36.62804,121.92047,36.62801,121.92026,5,NA,0,0.5,9,1,Cr.NC,24
Sea Palm,20210625,2,36.62804,121.92047,36.62801,121.92026,5,NA,0,0.5,9,1,Cr.Cor,10
Sea Palm,20210625,2,36.62804,121.92047,36.62801,121.92026,5,NA,0,0.5,9,1,AC,3
Sea Palm,20210625,2,36.62804,121.92047,36.62801,121.92026,5,NA,0,0.5,9,1,Fila.,0
Sea Palm,20210625,2,36.62804,121.92047,36.62801,121.92026,5,NA,0,0.5,9,1,Cort.,7
Sea Palm,20210625,2,36.62804,121.92047,36.62801,121.92026,5,NA,0,0.5,9,1,Foliose,20
Sea Palm,20210625,2,36.62804,121.92047,36.62801,121.92026,5,NA,0,0.5,9,1,Leath.,9
Sea Palm,20210625,2,36.62804,121.92047,36.62801,121.92026,5,NA,0,0.5,9,1,Kelp,0
Sea Palm,20210625,2,36.62804,121.92047,36.62801,121.92026,5,NA,0,0.5,9,1,SG,0
Sea Palm,20210625,2,36.62804,121.92047,36.62801,121.92026,5,NA,0,0.5,9,1,BR,2
Sea Palm,20210625,3,36.62809,121.92063,36.62818,121.92081,1,NA,0,0,0,0,Cr.NC,1.3
Sea Palm,20210625,3,36.62809,121.92063,36.62818,121.92081,1,NA,0,0,0,0,Cr.Cor,0.5
Sea Palm,20210625,3,36.62809,121.92063,36.62818,121.92081,1,NA,0,0,0,0,AC,0.5
Sea Palm,20210625,3,36.62809,121.92063,36.62818,121.92081,1,NA,0,0,0,0,Fila.,0
Sea Palm,20210625,3,36.62809,121.92063,36.62818,121.92081,1,NA,0,0,0,0,Cort.,0
Sea Palm,20210625,3,36.62809,121.92063,36.62818,121.92081,1,NA,0,0,0,0,Foliose,0
Sea Palm,20210625,3,36.62809,121.92063,36.62818,121.92081,1,NA,0,0,0,0,Leath.,20
Sea Palm,20210625,3,36.62809,121.92063,36.62818,121.92081,1,NA,0,0,0,0,Kelp,0
Sea Palm,20210625,3,36.62809,121.92063,36.62818,121.92081,1,NA,0,0,0,0,SG,2
Sea Palm,20210625,3,36.62809,121.92063,36.62818,121.92081,1,NA,0,0,0,0,BR,74
Sea Palm,20210625,3,36.62809,121.92063,36.62818,121.92081,2,NA,0,3,0,0,Cr.NC,64
Sea Palm,20210625,3,36.62809,121.92063,36.62818,121.92081,2,NA,0,3,0,0,Cr.Cor,0
Sea Palm,20210625,3,36.62809,121.92063,36.62818,121.92081,2,NA,0,3,0,0,AC,0
Sea Palm,20210625,3,36.62809,121.92063,36.62818,121.92081,2,NA,0,3,0,0,Fila.,2
Sea Palm,20210625,3,36.62809,121.92063,36.62818,121.92081,2,NA,0,3,0,0,Cort.,18
Sea Palm,20210625,3,36.62809,121.92063,36.62818,121.92081,2,NA,0,3,0,0,Foliose,0
Sea Palm,20210625,3,36.62809,121.92063,36.62818,121.92081,2,NA,0,3,0,0,Leath.,4
Sea Palm,20210625,3,36.62809,121.92063,36.62818,121.92081,2,NA,0,3,0,0,Kelp,0
Sea Palm,20210625,3,36.62809,121.92063,36.62818,121.92081,2,NA,0,3,0,0,SG,1
Sea Palm,20210625,3,36.62809,121.92063,36.62818,121.92081,2,NA,0,3,0,0,BR,5
Sea Palm,20210625,3,36.62809,121.92063,36.62818,121.92081,3,NA,0,0,0,3,Cr.NC,11
Sea Palm,20210625,3,36.62809,121.92063,36.62818,121.92081,3,NA,0,0,0,3,Cr.Cor,3
Sea Palm,20210625,3,36.62809,121.92063,36.62818,121.92081,3,NA,0,0,0,3,AC,0
Sea Palm,20210625,3,36.62809,121.92063,36.62818,121.92081,3,NA,0,0,0,3,Fila.,2
Sea Palm,20210625,3,36.62809,121.92063,36.62818,121.92081,3,NA,0,0,0,3,Cort.,11
Sea Palm,20210625,3,36.62809,121.92063,36.62818,121.92081,3,NA,0,0,0,3,Foliose,0
Sea Palm,20210625,3,36.62809,121.92063,36.62818,121.92081,3,NA,0,0,0,3,Leath.,4
Sea Palm,20210625,3,36.62809,121.92063,36.62818,121.92081,3,NA,0,0,0,3,Kelp,0
Sea Palm,20210625,3,36.62809,121.92063,36.62818,121.92081,3,NA,0,0,0,3,SG,6
Sea Palm,20210625,3,36.62809,121.92063,36.62818,121.92081,3,NA,0,0,0,3,BR,65
Sea Palm,20210625,3,36.62809,121.92063,36.62818,121.92081,4,NA,0,7,0,11,Cr.NC,32
Sea Palm,20210625,3,36.62809,121.92063,36.62818,121.92081,4,NA,0,7,0,11,Cr.Cor,0
Sea Palm,20210625,3,36.62809,121.92063,36.62818,121.92081,4,NA,0,7,0,11,AC,0
Sea Palm,20210625,3,36.62809,121.92063,36.62818,121.92081,4,NA,0,7,0,11,Fila.,0
Sea Palm,20210625,3,36.62809,121.92063,36.62818,121.92081,4,NA,0,7,0,11,Cort.,19
Sea Palm,20210625,3,36.62809,121.92063,36.62818,121.92081,4,NA,0,7,0,11,Foliose,0
Sea Palm,20210625,3,36.62809,121.92063,36.62818,121.92081,4,NA,0,7,0,11,Leath.,2
Sea Palm,20210625,3,36.62809,121.92063,36.62818,121.92081,4,NA,0,7,0,11,Kelp,0
Sea Palm,20210625,3,36.62809,121.92063,36.62818,121.92081,4,NA,0,7,0,11,SG,3
Sea Palm,20210625,3,36.62809,121.92063,36.62818,121.92081,4,NA,0,7,0,11,BR,48
Sea Palm,20210625,3,36.62809,121.92063,36.62818,121.92081,5,NA,0,0,0,7,Cr.NC,12
Sea Palm,20210625,3,36.62809,121.92063,36.62818,121.92081,5,NA,0,0,0,7,Cr.Cor,0
Sea Palm,20210625,3,36.62809,121.92063,36.62818,121.92081,5,NA,0,0,0,7,AC,0
Sea Palm,20210625,3,36.62809,121.92063,36.62818,121.92081,5,NA,0,0,0,7,Fila.,0.5
Sea Palm,20210625,3,36.62809,121.92063,36.62818,121.92081,5,NA,0,0,0,7,Cort.,32
Sea Palm,20210625,3,36.62809,121.92063,36.62818,121.92081,5,NA,0,0,0,7,Foliose,0
Sea Palm,20210625,3,36.62809,121.92063,36.62818,121.92081,5,NA,0,0,0,7,Leath.,2
Sea Palm,20210625,3,36.62809,121.92063,36.62818,121.92081,5,NA,0,0,0,7,Kelp,0
Sea Palm,20210625,3,36.62809,121.92063,36.62818,121.92081,5,NA,0,0,0,7,SG,1
Sea Palm,20210625,3,36.62809,121.92063,36.62818,121.92081,5,NA,0,0,0,7,BR,54
Point Pinos,20210727,7,36.6385,121.93833,36.6384,121.93849,1,Sea,20,0,4,0,Cr.NC,10
Point Pinos,20210727,7,36.6385,121.93833,36.6384,121.93849,1,Sea,20,0,4,0,Cr.Cor,24
Point Pinos,20210727,7,36.6385,121.93833,36.6384,121.93849,1,Sea,20,0,4,0,AC,20
Point Pinos,20210727,7,36.6385,121.93833,36.6384,121.93849,1,Sea,20,0,4,0,Fila.,1
Point Pinos,20210727,7,36.6385,121.93833,36.6384,121.93849,1,Sea,20,0,4,0,Cort.,7
Point Pinos,20210727,7,36.6385,121.93833,36.6384,121.93849,1,Sea,20,0,4,0,Foliose,15
Point Pinos,20210727,7,36.6385,121.93833,36.6384,121.93849,1,Sea,20,0,4,0,Leath.,12
Point Pinos,20210727,7,36.6385,121.93833,36.6384,121.93849,1,Sea,20,0,4,0,Kelp,55
Point Pinos,20210727,7,36.6385,121.93833,36.6384,121.93849,1,Sea,20,0,4,0,SG,0
Point Pinos,20210727,7,36.6385,121.93833,36.6384,121.93849,1,Sea,20,0,4,0,BR,3
Point Pinos,20210727,7,36.6385,121.93833,36.6384,121.93849,2,Land,28,0,3,0,Cr.NC,10
Point Pinos,20210727,7,36.6385,121.93833,36.6384,121.93849,2,Land,28,0,3,0,Cr.Cor,5
Point Pinos,20210727,7,36.6385,121.93833,36.6384,121.93849,2,Land,28,0,3,0,AC,15
Point Pinos,20210727,7,36.6385,121.93833,36.6384,121.93849,2,Land,28,0,3,0,Fila.,1
Point Pinos,20210727,7,36.6385,121.93833,36.6384,121.93849,2,Land,28,0,3,0,Cort.,10
Point Pinos,20210727,7,36.6385,121.93833,36.6384,121.93849,2,Land,28,0,3,0,Foliose,23
Point Pinos,20210727,7,36.6385,121.93833,36.6384,121.93849,2,Land,28,0,3,0,Leath.,3
Point Pinos,20210727,7,36.6385,121.93833,36.6384,121.93849,2,Land,28,0,3,0,Kelp,18
Point Pinos,20210727,7,36.6385,121.93833,36.6384,121.93849,2,Land,28,0,3,0,SG,0
Point Pinos,20210727,7,36.6385,121.93833,36.6384,121.93849,2,Land,28,0,3,0,BR,16
Point Pinos,20210727,7,36.6385,121.93833,36.6384,121.93849,3,Sea,0,0,0,1,Cr.NC,3
Point Pinos,20210727,7,36.6385,121.93833,36.6384,121.93849,3,Sea,0,0,0,1,Cr.Cor,1
Point Pinos,20210727,7,36.6385,121.93833,36.6384,121.93849,3,Sea,0,0,0,1,AC,2
Point Pinos,20210727,7,36.6385,121.93833,36.6384,121.93849,3,Sea,0,0,0,1,Fila.,0
Point Pinos,20210727,7,36.6385,121.93833,36.6384,121.93849,3,Sea,0,0,0,1,Cort.,1
Point Pinos,20210727,7,36.6385,121.93833,36.6384,121.93849,3,Sea,0,0,0,1,Foliose,2
Point Pinos,20210727,7,36.6385,121.93833,36.6384,121.93849,3,Sea,0,0,0,1,Leath.,25
Point Pinos,20210727,7,36.6385,121.93833,36.6384,121.93849,3,Sea,0,0,0,1,Kelp,90
Point Pinos,20210727,7,36.6385,121.93833,36.6384,121.93849,3,Sea,0,0,0,1,SG,65
Point Pinos,20210727,7,36.6385,121.93833,36.6384,121.93849,3,Sea,0,0,0,1,BR,1
Point Pinos,20210727,7,36.6385,121.93833,36.6384,121.93849,4,Land,14,0,6,5,Cr.NC,23
Point Pinos,20210727,7,36.6385,121.93833,36.6384,121.93849,4,Land,14,0,6,5,Cr.Cor,10
Point Pinos,20210727,7,36.6385,121.93833,36.6384,121.93849,4,Land,14,0,6,5,AC,5
Point Pinos,20210727,7,36.6385,121.93833,36.6384,121.93849,4,Land,14,0,6,5,Fila.,0
Point Pinos,20210727,7,36.6385,121.93833,36.6384,121.93849,4,Land,14,0,6,5,Cort.,22
Point Pinos,20210727,7,36.6385,121.93833,36.6384,121.93849,4,Land,14,0,6,5,Foliose,18
Point Pinos,20210727,7,36.6385,121.93833,36.6384,121.93849,4,Land,14,0,6,5,Leath.,30
Point Pinos,20210727,7,36.6385,121.93833,36.6384,121.93849,4,Land,14,0,6,5,Kelp,4
Point Pinos,20210727,7,36.6385,121.93833,36.6384,121.93849,4,Land,14,0,6,5,SG,0
Point Pinos,20210727,7,36.6385,121.93833,36.6384,121.93849,4,Land,14,0,6,5,BR,8
Point Pinos,20210727,7,36.6385,121.93833,36.6384,121.93849,5,Sea,0,1,4,2,Cr.NC,35
Point Pinos,20210727,7,36.6385,121.93833,36.6384,121.93849,5,Sea,0,1,4,2,Cr.Cor,10
Point Pinos,20210727,7,36.6385,121.93833,36.6384,121.93849,5,Sea,0,1,4,2,AC,8
Point Pinos,20210727,7,36.6385,121.93833,36.6384,121.93849,5,Sea,0,1,4,2,Fila.,0
Point Pinos,20210727,7,36.6385,121.93833,36.6384,121.93849,5,Sea,0,1,4,2,Cort.,7
Point Pinos,20210727,7,36.6385,121.93833,36.6384,121.93849,5,Sea,0,1,4,2,Foliose,45
Point Pinos,20210727,7,36.6385,121.93833,36.6384,121.93849,5,Sea,0,1,4,2,Leath.,26
Point Pinos,20210727,7,36.6385,121.93833,36.6384,121.93849,5,Sea,0,1,4,2,Kelp,10
Point Pinos,20210727,7,36.6385,121.93833,36.6384,121.93849,5,Sea,0,1,4,2,SG,0
Point Pinos,20210727,7,36.6385,121.93833,36.6384,121.93849,5,Sea,0,1,4,2,BR,8
Point Pinos,20210727,9,36.63832,121.93836,36.6382,121.93809,1,Sea,0,0,0,0,Cr.NC,89
Point Pinos,20210727,9,36.63832,121.93836,36.6382,121.93809,1,Sea,0,0,0,0,Cr.Cor,3
Point Pinos,20210727,9,36.63832,121.93836,36.6382,121.93809,1,Sea,0,0,0,0,AC,0
Point Pinos,20210727,9,36.63832,121.93836,36.6382,121.93809,1,Sea,0,0,0,0,Fila.,0
Point Pinos,20210727,9,36.63832,121.93836,36.6382,121.93809,1,Sea,0,0,0,0,Cort.,10
Point Pinos,20210727,9,36.63832,121.93836,36.6382,121.93809,1,Sea,0,0,0,0,Foliose,35
Point Pinos,20210727,9,36.63832,121.93836,36.6382,121.93809,1,Sea,0,0,0,0,Leath.,54
Point Pinos,20210727,9,36.63832,121.93836,36.6382,121.93809,1,Sea,0,0,0,0,Kelp,0
Point Pinos,20210727,9,36.63832,121.93836,36.6382,121.93809,1,Sea,0,0,0,0,SG,0
Point Pinos,20210727,9,36.63832,121.93836,36.6382,121.93809,1,Sea,0,0,0,0,BR,1
Point Pinos,20210727,9,36.63832,121.93836,36.6382,121.93809,2,Land,0,0,0,0,Cr.NC,14
Point Pinos,20210727,9,36.63832,121.93836,36.6382,121.93809,2,Land,0,0,0,0,Cr.Cor,12
Point Pinos,20210727,9,36.63832,121.93836,36.6382,121.93809,2,Land,0,0,0,0,AC,0
Point Pinos,20210727,9,36.63832,121.93836,36.6382,121.93809,2,Land,0,0,0,0,Fila.,0
Point Pinos,20210727,9,36.63832,121.93836,36.6382,121.93809,2,Land,0,0,0,0,Cort.,3
Point Pinos,20210727,9,36.63832,121.93836,36.6382,121.93809,2,Land,0,0,0,0,Foliose,35
Point Pinos,20210727,9,36.63832,121.93836,36.6382,121.93809,2,Land,0,0,0,0,Leath.,48
Point Pinos,20210727,9,36.63832,121.93836,36.6382,121.93809,2,Land,0,0,0,0,Kelp,4
Point Pinos,20210727,9,36.63832,121.93836,36.6382,121.93809,2,Land,0,0,0,0,SG,0
Point Pinos,20210727,9,36.63832,121.93836,36.6382,121.93809,2,Land,0,0,0,0,BR,0
Point Pinos,20210727,9,36.63832,121.93836,36.6382,121.93809,3,Sea,0,0,0,0,Cr.NC,33
Point Pinos,20210727,9,36.63832,121.93836,36.6382,121.93809,3,Sea,0,0,0,0,Cr.Cor,0.5
Point Pinos,20210727,9,36.63832,121.93836,36.6382,121.93809,3,Sea,0,0,0,0,AC,0
Point Pinos,20210727,9,36.63832,121.93836,36.6382,121.93809,3,Sea,0,0,0,0,Fila.,0
Point Pinos,20210727,9,36.63832,121.93836,36.6382,121.93809,3,Sea,0,0,0,0,Cort.,18
Point Pinos,20210727,9,36.63832,121.93836,36.6382,121.93809,3,Sea,0,0,0,0,Foliose,15
Point Pinos,20210727,9,36.63832,121.93836,36.6382,121.93809,3,Sea,0,0,0,0,Leath.,70
Point Pinos,20210727,9,36.63832,121.93836,36.6382,121.93809,3,Sea,0,0,0,0,Kelp,50
Point Pinos,20210727,9,36.63832,121.93836,36.6382,121.93809,3,Sea,0,0,0,0,SG,0
Point Pinos,20210727,9,36.63832,121.93836,36.6382,121.93809,3,Sea,0,0,0,0,BR,0.5
Point Pinos,20210727,9,36.63832,121.93836,36.6382,121.93809,4,Land,0,0,12,0,Cr.NC,37
Point Pinos,20210727,9,36.63832,121.93836,36.6382,121.93809,4,Land,0,0,12,0,Cr.Cor,0
Point Pinos,20210727,9,36.63832,121.93836,36.6382,121.93809,4,Land,0,0,12,0,AC,0
Point Pinos,20210727,9,36.63832,121.93836,36.6382,121.93809,4,Land,0,0,12,0,Fila.,0
Point Pinos,20210727,9,36.63832,121.93836,36.6382,121.93809,4,Land,0,0,12,0,Cort.,4
Point Pinos,20210727,9,36.63832,121.93836,36.6382,121.93809,4,Land,0,0,12,0,Foliose,1
Point Pinos,20210727,9,36.63832,121.93836,36.6382,121.93809,4,Land,0,0,12,0,Leath.,33
Point Pinos,20210727,9,36.63832,121.93836,36.6382,121.93809,4,Land,0,0,12,0,Kelp,0
Point Pinos,20210727,9,36.63832,121.93836,36.6382,121.93809,4,Land,0,0,12,0,SG,0
Point Pinos,20210727,9,36.63832,121.93836,36.6382,121.93809,4,Land,0,0,12,0,BR,19
Point Pinos,20210727,9,36.63832,121.93836,36.6382,121.93809,5,Sea,5,0,2,0,Cr.NC,30
Point Pinos,20210727,9,36.63832,121.93836,36.6382,121.93809,5,Sea,5,0,2,0,Cr.Cor,0.5
Point Pinos,20210727,9,36.63832,121.93836,36.6382,121.93809,5,Sea,5,0,2,0,AC,0.5
Point Pinos,20210727,9,36.63832,121.93836,36.6382,121.93809,5,Sea,5,0,2,0,Fila.,0
Point Pinos,20210727,9,36.63832,121.93836,36.6382,121.93809,5,Sea,5,0,2,0,Cort.,10
Point Pinos,20210727,9,36.63832,121.93836,36.6382,121.93809,5,Sea,5,0,2,0,Foliose,41
Point Pinos,20210727,9,36.63832,121.93836,36.6382,121.93809,5,Sea,5,0,2,0,Leath.,40
Point Pinos,20210727,9,36.63832,121.93836,36.6382,121.93809,5,Sea,5,0,2,0,Kelp,0
Point Pinos,20210727,9,36.63832,121.93836,36.6382,121.93809,5,Sea,5,0,2,0,SG,0
Point Pinos,20210727,9,36.63832,121.93836,36.6382,121.93809,5,Sea,5,0,2,0,BR,8
Hopkins,20210724,5,36.6215,121.90343,36.6216,121.90361,1,Land,1,0,0,0,Cr.NC,98
Hopkins,20210724,5,36.6215,121.90343,36.6216,121.90361,1,Land,1,0,0,0,Cr.Cor,0
Hopkins,20210724,5,36.6215,121.90343,36.6216,121.90361,1,Land,1,0,0,0,AC,0
Hopkins,20210724,5,36.6215,121.90343,36.6216,121.90361,1,Land,1,0,0,0,Fila.,0
Hopkins,20210724,5,36.6215,121.90343,36.6216,121.90361,1,Land,1,0,0,0,Cort.,24
Hopkins,20210724,5,36.6215,121.90343,36.6216,121.90361,1,Land,1,0,0,0,Foliose,0
Hopkins,20210724,5,36.6215,121.90343,36.6216,121.90361,1,Land,1,0,0,0,Leath.,46
Hopkins,20210724,5,36.6215,121.90343,36.6216,121.90361,1,Land,1,0,0,0,Kelp,0
Hopkins,20210724,5,36.6215,121.90343,36.6216,121.90361,1,Land,1,0,0,0,SG,0
Hopkins,20210724,5,36.6215,121.90343,36.6216,121.90361,1,Land,1,0,0,0,BR,2
Hopkins,20210724,5,36.6215,121.90343,36.6216,121.90361,2,Sea,55,6,5,0,Cr.NC,33
Hopkins,20210724,5,36.6215,121.90343,36.6216,121.90361,2,Sea,55,6,5,0,Cr.Cor,4
Hopkins,20210724,5,36.6215,121.90343,36.6216,121.90361,2,Sea,55,6,5,0,AC,0
Hopkins,20210724,5,36.6215,121.90343,36.6216,121.90361,2,Sea,55,6,5,0,Fila.,0
Hopkins,20210724,5,36.6215,121.90343,36.6216,121.90361,2,Sea,55,6,5,0,Cort.,13
Hopkins,20210724,5,36.6215,121.90343,36.6216,121.90361,2,Sea,55,6,5,0,Foliose,7
Hopkins,20210724,5,36.6215,121.90343,36.6216,121.90361,2,Sea,55,6,5,0,Leath.,12
Hopkins,20210724,5,36.6215,121.90343,36.6216,121.90361,2,Sea,55,6,5,0,Kelp,0
Hopkins,20210724,5,36.6215,121.90343,36.6216,121.90361,2,Sea,55,6,5,0,SG,0
Hopkins,20210724,5,36.6215,121.90343,36.6216,121.90361,2,Sea,55,6,5,0,BR,8
Hopkins,20210724,5,36.6215,121.90343,36.6216,121.90361,3,Land,2,4,0,0,Cr.NC,22
Hopkins,20210724,5,36.6215,121.90343,36.6216,121.90361,3,Land,2,4,0,0,Cr.Cor,2
Hopkins,20210724,5,36.6215,121.90343,36.6216,121.90361,3,Land,2,4,0,0,AC,0
Hopkins,20210724,5,36.6215,121.90343,36.6216,121.90361,3,Land,2,4,0,0,Fila.,0
Hopkins,20210724,5,36.6215,121.90343,36.6216,121.90361,3,Land,2,4,0,0,Cort.,6
Hopkins,20210724,5,36.6215,121.90343,36.6216,121.90361,3,Land,2,4,0,0,Foliose,1
Hopkins,20210724,5,36.6215,121.90343,36.6216,121.90361,3,Land,2,4,0,0,Leath.,83
Hopkins,20210724,5,36.6215,121.90343,36.6216,121.90361,3,Land,2,4,0,0,Kelp,0
Hopkins,20210724,5,36.6215,121.90343,36.6216,121.90361,3,Land,2,4,0,0,SG,0
Hopkins,20210724,5,36.6215,121.90343,36.6216,121.90361,3,Land,2,4,0,0,BR,2
Hopkins,20210724,5,36.6215,121.90343,36.6216,121.90361,4,Sea,2,3,0,0,Cr.NC,19
Hopkins,20210724,5,36.6215,121.90343,36.6216,121.90361,4,Sea,2,3,0,0,Cr.Cor,3
Hopkins,20210724,5,36.6215,121.90343,36.6216,121.90361,4,Sea,2,3,0,0,AC,0
Hopkins,20210724,5,36.6215,121.90343,36.6216,121.90361,4,Sea,2,3,0,0,Fila.,0
Hopkins,20210724,5,36.6215,121.90343,36.6216,121.90361,4,Sea,2,3,0,0,Cort.,2
Hopkins,20210724,5,36.6215,121.90343,36.6216,121.90361,4,Sea,2,3,0,0,Foliose,0
Hopkins,20210724,5,36.6215,121.90343,36.6216,121.90361,4,Sea,2,3,0,0,Leath.,70
Hopkins,20210724,5,36.6215,121.90343,36.6216,121.90361,4,Sea,2,3,0,0,Kelp,0
Hopkins,20210724,5,36.6215,121.90343,36.6216,121.90361,4,Sea,2,3,0,0,SG,7
Hopkins,20210724,5,36.6215,121.90343,36.6216,121.90361,4,Sea,2,3,0,0,BR,22
Hopkins,20210724,5,36.6215,121.90343,36.6216,121.90361,5,Land,2,4,0,0,Cr.NC,6
Hopkins,20210724,5,36.6215,121.90343,36.6216,121.90361,5,Land,2,4,0,0,Cr.Cor,5
Hopkins,20210724,5,36.6215,121.90343,36.6216,121.90361,5,Land,2,4,0,0,AC,0
Hopkins,20210724,5,36.6215,121.90343,36.6216,121.90361,5,Land,2,4,0,0,Fila.,0
Hopkins,20210724,5,36.6215,121.90343,36.6216,121.90361,5,Land,2,4,0,0,Cort.,2
Hopkins,20210724,5,36.6215,121.90343,36.6216,121.90361,5,Land,2,4,0,0,Foliose,0
Hopkins,20210724,5,36.6215,121.90343,36.6216,121.90361,5,Land,2,4,0,0,Leath.,65
Hopkins,20210724,5,36.6215,121.90343,36.6216,121.90361,5,Land,2,4,0,0,Kelp,0
Hopkins,20210724,5,36.6215,121.90343,36.6216,121.90361,5,Land,2,4,0,0,SG,9
Hopkins,20210724,5,36.6215,121.90343,36.6216,121.90361,5,Land,2,4,0,0,BR,13
Hopkins,20210724,8,36.62132,121.90369,36.62144,121.90384,1,Sea,2,10,0,0,Cr.NC,85
Hopkins,20210724,8,36.62132,121.90369,36.62144,121.90384,1,Sea,2,10,0,0,Cr.Cor,3
Hopkins,20210724,8,36.62132,121.90369,36.62144,121.90384,1,Sea,2,10,0,0,AC,0
Hopkins,20210724,8,36.62132,121.90369,36.62144,121.90384,1,Sea,2,10,0,0,Fila.,0
Hopkins,20210724,8,36.62132,121.90369,36.62144,121.90384,1,Sea,2,10,0,0,Cort.,18
Hopkins,20210724,8,36.62132,121.90369,36.62144,121.90384,1,Sea,2,10,0,0,Foliose,0
Hopkins,20210724,8,36.62132,121.90369,36.62144,121.90384,1,Sea,2,10,0,0,Leath.,16
Hopkins,20210724,8,36.62132,121.90369,36.62144,121.90384,1,Sea,2,10,0,0,Kelp,0
Hopkins,20210724,8,36.62132,121.90369,36.62144,121.90384,1,Sea,2,10,0,0,SG,0
Hopkins,20210724,8,36.62132,121.90369,36.62144,121.90384,1,Sea,2,10,0,0,BR,5
Hopkins,20210724,8,36.62132,121.90369,36.62144,121.90384,2,Land,0,5,0,0,Cr.NC,37
Hopkins,20210724,8,36.62132,121.90369,36.62144,121.90384,2,Land,0,5,0,0,Cr.Cor,1
Hopkins,20210724,8,36.62132,121.90369,36.62144,121.90384,2,Land,0,5,0,0,AC,0
Hopkins,20210724,8,36.62132,121.90369,36.62144,121.90384,2,Land,0,5,0,0,Fila.,0
Hopkins,20210724,8,36.62132,121.90369,36.62144,121.90384,2,Land,0,5,0,0,Cort.,33
Hopkins,20210724,8,36.62132,121.90369,36.62144,121.90384,2,Land,0,5,0,0,Foliose,0
Hopkins,20210724,8,36.62132,121.90369,36.62144,121.90384,2,Land,0,5,0,0,Leath.,78
Hopkins,20210724,8,36.62132,121.90369,36.62144,121.90384,2,Land,0,5,0,0,Kelp,0
Hopkins,20210724,8,36.62132,121.90369,36.62144,121.90384,2,Land,0,5,0,0,SG,0
Hopkins,20210724,8,36.62132,121.90369,36.62144,121.90384,2,Land,0,5,0,0,BR,3
Hopkins,20210724,8,36.62132,121.90369,36.62144,121.90384,3,Sea,1,1,0,0,Cr.NC,21
Hopkins,20210724,8,36.62132,121.90369,36.62144,121.90384,3,Sea,1,1,0,0,Cr.Cor,0
Hopkins,20210724,8,36.62132,121.90369,36.62144,121.90384,3,Sea,1,1,0,0,AC,0
Hopkins,20210724,8,36.62132,121.90369,36.62144,121.90384,3,Sea,1,1,0,0,Fila.,0
Hopkins,20210724,8,36.62132,121.90369,36.62144,121.90384,3,Sea,1,1,0,0,Cort.,47
Hopkins,20210724,8,36.62132,121.90369,36.62144,121.90384,3,Sea,1,1,0,0,Foliose,0
Hopkins,20210724,8,36.62132,121.90369,36.62144,121.90384,3,Sea,1,1,0,0,Leath.,76
Hopkins,20210724,8,36.62132,121.90369,36.62144,121.90384,3,Sea,1,1,0,0,Kelp,0
Hopkins,20210724,8,36.62132,121.90369,36.62144,121.90384,3,Sea,1,1,0,0,SG,0
Hopkins,20210724,8,36.62132,121.90369,36.62144,121.90384,3,Sea,1,1,0,0,BR,5
Hopkins,20210724,8,36.62132,121.90369,36.62144,121.90384,4,Land,0,3,0,0,Cr.NC,31
Hopkins,20210724,8,36.62132,121.90369,36.62144,121.90384,4,Land,0,3,0,0,Cr.Cor,1
Hopkins,20210724,8,36.62132,121.90369,36.62144,121.90384,4,Land,0,3,0,0,AC,0
Hopkins,20210724,8,36.62132,121.90369,36.62144,121.90384,4,Land,0,3,0,0,Fila.,0
Hopkins,20210724,8,36.62132,121.90369,36.62144,121.90384,4,Land,0,3,0,0,Cort.,41
Hopkins,20210724,8,36.62132,121.90369,36.62144,121.90384,4,Land,0,3,0,0,Foliose,0
Hopkins,20210724,8,36.62132,121.90369,36.62144,121.90384,4,Land,0,3,0,0,Leath.,69
Hopkins,20210724,8,36.62132,121.90369,36.62144,121.90384,4,Land,0,3,0,0,Kelp,0
Hopkins,20210724,8,36.62132,121.90369,36.62144,121.90384,4,Land,0,3,0,0,SG,2
Hopkins,20210724,8,36.62132,121.90369,36.62144,121.90384,4,Land,0,3,0,0,BR,9
Hopkins,20210724,8,36.62132,121.90369,36.62144,121.90384,5,Sea,3,4,0,0,Cr.NC,12
Hopkins,20210724,8,36.62132,121.90369,36.62144,121.90384,5,Sea,3,4,0,0,Cr.Cor,5
Hopkins,20210724,8,36.62132,121.90369,36.62144,121.90384,5,Sea,3,4,0,0,AC,0
Hopkins,20210724,8,36.62132,121.90369,36.62144,121.90384,5,Sea,3,4,0,0,Fila.,0
Hopkins,20210724,8,36.62132,121.90369,36.62144,121.90384,5,Sea,3,4,0,0,Cort.,7
Hopkins,20210724,8,36.62132,121.90369,36.62144,121.90384,5,Sea,3,4,0,0,Foliose,0
Hopkins,20210724,8,36.62132,121.90369,36.62144,121.90384,5,Sea,3,4,0,0,Leath.,34
Hopkins,20210724,8,36.62132,121.90369,36.62144,121.90384,5,Sea,3,4,0,0,Kelp,0
Hopkins,20210724,8,36.62132,121.90369,36.62144,121.90384,5,Sea,3,4,0,0,SG,28
Hopkins,20210724,8,36.62132,121.90369,36.62144,121.90384,5,Sea,3,4,0,0,BR,12
Hopkins,20210724,7,36.62176,121.90339,36.62192,121.90342,1,NA,1,6,0,0,Cr.NC,5
Hopkins,20210724,7,36.62176,121.90339,36.62192,121.90342,1,NA,1,6,0,0,Cr.Cor,28
Hopkins,20210724,7,36.62176,121.90339,36.62192,121.90342,1,NA,1,6,0,0,AC,2
Hopkins,20210724,7,36.62176,121.90339,36.62192,121.90342,1,NA,1,6,0,0,Fila.,0
Hopkins,20210724,7,36.62176,121.90339,36.62192,121.90342,1,NA,1,6,0,0,Cort.,0
Hopkins,20210724,7,36.62176,121.90339,36.62192,121.90342,1,NA,1,6,0,0,Foliose,0
Hopkins,20210724,7,36.62176,121.90339,36.62192,121.90342,1,NA,1,6,0,0,Leath.,24
Hopkins,20210724,7,36.62176,121.90339,36.62192,121.90342,1,NA,1,6,0,0,Kelp,1
Hopkins,20210724,7,36.62176,121.90339,36.62192,121.90342,1,NA,1,6,0,0,SG,35
Hopkins,20210724,7,36.62176,121.90339,36.62192,121.90342,1,NA,1,6,0,0,BR,3
Hopkins,20210724,7,36.62176,121.90339,36.62192,121.90342,2,NA,1,5,2,0,Cr.NC,38
Hopkins,20210724,7,36.62176,121.90339,36.62192,121.90342,2,NA,1,5,2,0,Cr.Cor,1
Hopkins,20210724,7,36.62176,121.90339,36.62192,121.90342,2,NA,1,5,2,0,AC,0
Hopkins,20210724,7,36.62176,121.90339,36.62192,121.90342,2,NA,1,5,2,0,Fila.,0
Hopkins,20210724,7,36.62176,121.90339,36.62192,121.90342,2,NA,1,5,2,0,Cort.,0
Hopkins,20210724,7,36.62176,121.90339,36.62192,121.90342,2,NA,1,5,2,0,Foliose,0
Hopkins,20210724,7,36.62176,121.90339,36.62192,121.90342,2,NA,1,5,2,0,Leath.,46
Hopkins,20210724,7,36.62176,121.90339,36.62192,121.90342,2,NA,1,5,2,0,Kelp,0
Hopkins,20210724,7,36.62176,121.90339,36.62192,121.90342,2,NA,1,5,2,0,SG,2
Hopkins,20210724,7,36.62176,121.90339,36.62192,121.90342,2,NA,1,5,2,0,BR,2
Hopkins,20210724,7,36.62176,121.90339,36.62192,121.90342,3,NA,1,3,1,1,Cr.NC,50
Hopkins,20210724,7,36.62176,121.90339,36.62192,121.90342,3,NA,1,3,1,1,Cr.Cor,10
Hopkins,20210724,7,36.62176,121.90339,36.62192,121.90342,3,NA,1,3,1,1,AC,0
Hopkins,20210724,7,36.62176,121.90339,36.62192,121.90342,3,NA,1,3,1,1,Fila.,1
Hopkins,20210724,7,36.62176,121.90339,36.62192,121.90342,3,NA,1,3,1,1,Cort.,1
Hopkins,20210724,7,36.62176,121.90339,36.62192,121.90342,3,NA,1,3,1,1,Foliose,12
Hopkins,20210724,7,36.62176,121.90339,36.62192,121.90342,3,NA,1,3,1,1,Leath.,45
Hopkins,20210724,7,36.62176,121.90339,36.62192,121.90342,3,NA,1,3,1,1,Kelp,0
Hopkins,20210724,7,36.62176,121.90339,36.62192,121.90342,3,NA,1,3,1,1,SG,12
Hopkins,20210724,7,36.62176,121.90339,36.62192,121.90342,3,NA,1,3,1,1,BR,2
Hopkins,20210724,7,36.62176,121.90339,36.62192,121.90342,4,NA,2,5,0,0,Cr.NC,2
Hopkins,20210724,7,36.62176,121.90339,36.62192,121.90342,4,NA,2,5,0,0,Cr.Cor,35
Hopkins,20210724,7,36.62176,121.90339,36.62192,121.90342,4,NA,2,5,0,0,AC,6
Hopkins,20210724,7,36.62176,121.90339,36.62192,121.90342,4,NA,2,5,0,0,Fila.,0
Hopkins,20210724,7,36.62176,121.90339,36.62192,121.90342,4,NA,2,5,0,0,Cort.,0
Hopkins,20210724,7,36.62176,121.90339,36.62192,121.90342,4,NA,2,5,0,0,Foliose,0
Hopkins,20210724,7,36.62176,121.90339,36.62192,121.90342,4,NA,2,5,0,0,Leath.,40
Hopkins,20210724,7,36.62176,121.90339,36.62192,121.90342,4,NA,2,5,0,0,Kelp,0
Hopkins,20210724,7,36.62176,121.90339,36.62192,121.90342,4,NA,2,5,0,0,SG,16
Hopkins,20210724,7,36.62176,121.90339,36.62192,121.90342,4,NA,2,5,0,0,BR,0
Hopkins,20210724,7,36.62176,121.90339,36.62192,121.90342,5,NA,32,10,4,4,Cr.NC,3
Hopkins,20210724,7,36.62176,121.90339,36.62192,121.90342,5,NA,32,10,4,4,Cr.Cor,2
Hopkins,20210724,7,36.62176,121.90339,36.62192,121.90342,5,NA,32,10,4,4,AC,14
Hopkins,20210724,7,36.62176,121.90339,36.62192,121.90342,5,NA,32,10,4,4,Fila.,0
Hopkins,20210724,7,36.62176,121.90339,36.62192,121.90342,5,NA,32,10,4,4,Cort.,2
Hopkins,20210724,7,36.62176,121.90339,36.62192,121.90342,5,NA,32,10,4,4,Foliose,0
Hopkins,20210724,7,36.62176,121.90339,36.62192,121.90342,5,NA,32,10,4,4,Leath.,10
Hopkins,20210724,7,36.62176,121.90339,36.62192,121.90342,5,NA,32,10,4,4,Kelp,40
Hopkins,20210724,7,36.62176,121.90339,36.62192,121.90342,5,NA,32,10,4,4,SG,8
Hopkins,20210724,7,36.62176,121.90339,36.62192,121.90342,5,NA,32,10,4,4,BR,3
Point Pinos,20210624,1,36.63766,121.93625,36.63775,121.93644,1,NA,NA,NA,NA,NA,Cr.NC,NA
Point Pinos,20210624,1,36.63766,121.93625,36.63775,121.93644,1,NA,NA,NA,NA,NA,Cr.Cor,NA
Point Pinos,20210624,1,36.63766,121.93625,36.63775,121.93644,1,NA,NA,NA,NA,NA,AC,NA
Point Pinos,20210624,1,36.63766,121.93625,36.63775,121.93644,1,NA,NA,NA,NA,NA,Fila.,NA
Point Pinos,20210624,1,36.63766,121.93625,36.63775,121.93644,1,NA,NA,NA,NA,NA,Cort.,NA
Point Pinos,20210624,1,36.63766,121.93625,36.63775,121.93644,1,NA,NA,NA,NA,NA,Foliose,NA
Point Pinos,20210624,1,36.63766,121.93625,36.63775,121.93644,1,NA,NA,NA,NA,NA,Leath.,NA
Point Pinos,20210624,1,36.63766,121.93625,36.63775,121.93644,1,NA,NA,NA,NA,NA,Kelp,NA
Point Pinos,20210624,1,36.63766,121.93625,36.63775,121.93644,1,NA,NA,NA,NA,NA,SG,NA
Point Pinos,20210624,1,36.63766,121.93625,36.63775,121.93644,1,NA,NA,NA,NA,NA,BR,NA
Point Pinos,20210624,1,36.63766,121.93625,36.63775,121.93644,2,NA,NA,NA,NA,NA,Cr.NC,NA
Point Pinos,20210624,1,36.63766,121.93625,36.63775,121.93644,2,NA,NA,NA,NA,NA,Cr.Cor,NA
Point Pinos,20210624,1,36.63766,121.93625,36.63775,121.93644,2,NA,NA,NA,NA,NA,AC,NA
Point Pinos,20210624,1,36.63766,121.93625,36.63775,121.93644,2,NA,NA,NA,NA,NA,Fila.,NA
Point Pinos,20210624,1,36.63766,121.93625,36.63775,121.93644,2,NA,NA,NA,NA,NA,Cort.,NA
Point Pinos,20210624,1,36.63766,121.93625,36.63775,121.93644,2,NA,NA,NA,NA,NA,Foliose,NA
Point Pinos,20210624,1,36.63766,121.93625,36.63775,121.93644,2,NA,NA,NA,NA,NA,Leath.,NA
Point Pinos,20210624,1,36.63766,121.93625,36.63775,121.93644,2,NA,NA,NA,NA,NA,Kelp,NA
Point Pinos,20210624,1,36.63766,121.93625,36.63775,121.93644,2,NA,NA,NA,NA,NA,SG,NA
Point Pinos,20210624,1,36.63766,121.93625,36.63775,121.93644,2,NA,NA,NA,NA,NA,BR,NA
Point Pinos,20210624,1,36.63766,121.93625,36.63775,121.93644,3,NA,NA,NA,NA,NA,Cr.NC,NA
Point Pinos,20210624,1,36.63766,121.93625,36.63775,121.93644,3,NA,NA,NA,NA,NA,Cr.Cor,NA
Point Pinos,20210624,1,36.63766,121.93625,36.63775,121.93644,3,NA,NA,NA,NA,NA,AC,NA
Point Pinos,20210624,1,36.63766,121.93625,36.63775,121.93644,3,NA,NA,NA,NA,NA,Fila.,NA
Point Pinos,20210624,1,36.63766,121.93625,36.63775,121.93644,3,NA,NA,NA,NA,NA,Cort.,NA
Point Pinos,20210624,1,36.63766,121.93625,36.63775,121.93644,3,NA,NA,NA,NA,NA,Foliose,NA
Point Pinos,20210624,1,36.63766,121.93625,36.63775,121.93644,3,NA,NA,NA,NA,NA,Leath.,NA
Point Pinos,20210624,1,36.63766,121.93625,36.63775,121.93644,3,NA,NA,NA,NA,NA,Kelp,NA
Point Pinos,20210624,1,36.63766,121.93625,36.63775,121.93644,3,NA,NA,NA,NA,NA,SG,NA
Point Pinos,20210624,1,36.63766,121.93625,36.63775,121.93644,3,NA,NA,NA,NA,NA,BR,NA
Point Pinos,20210624,1,36.63766,121.93625,36.63775,121.93644,4,NA,0,0,0,0,Cr.NC,20
Point Pinos,20210624,1,36.63766,121.93625,36.63775,121.93644,4,NA,0,0,0,0,Cr.Cor,25
Point Pinos,20210624,1,36.63766,121.93625,36.63775,121.93644,4,NA,0,0,0,0,AC,0
Point Pinos,20210624,1,36.63766,121.93625,36.63775,121.93644,4,NA,0,0,0,0,Fila.,0
Point Pinos,20210624,1,36.63766,121.93625,36.63775,121.93644,4,NA,0,0,0,0,Cort.,0
Point Pinos,20210624,1,36.63766,121.93625,36.63775,121.93644,4,NA,0,0,0,0,Foliose,5
Point Pinos,20210624,1,36.63766,121.93625,36.63775,121.93644,4,NA,0,0,0,0,Leath.,9
Point Pinos,20210624,1,36.63766,121.93625,36.63775,121.93644,4,NA,0,0,0,0,Kelp,0
Point Pinos,20210624,1,36.63766,121.93625,36.63775,121.93644,4,NA,0,0,0,0,SG,0
Point Pinos,20210624,1,36.63766,121.93625,36.63775,121.93644,4,NA,0,0,0,0,BR,0
Point Pinos,20210624,1,36.63766,121.93625,36.63775,121.93644,5,NA,0,0,0,0,Cr.NC,4.5
Point Pinos,20210624,1,36.63766,121.93625,36.63775,121.93644,5,NA,0,0,0,0,Cr.Cor,4.5
Point Pinos,20210624,1,36.63766,121.93625,36.63775,121.93644,5,NA,0,0,0,0,AC,0.5
Point Pinos,20210624,1,36.63766,121.93625,36.63775,121.93644,5,NA,0,0,0,0,Fila.,0
Point Pinos,20210624,1,36.63766,121.93625,36.63775,121.93644,5,NA,0,0,0,0,Cort.,10
Point Pinos,20210624,1,36.63766,121.93625,36.63775,121.93644,5,NA,0,0,0,0,Foliose,0
Point Pinos,20210624,1,36.63766,121.93625,36.63775,121.93644,5,NA,0,0,0,0,Leath.,0.5
Point Pinos,20210624,1,36.63766,121.93625,36.63775,121.93644,5,NA,0,0,0,0,Kelp,0
Point Pinos,20210624,1,36.63766,121.93625,36.63775,121.93644,5,NA,0,0,0,0,SG,8
Point Pinos,20210624,1,36.63766,121.93625,36.63775,121.93644,5,NA,0,0,0,0,BR,8.5
Carmel Point,20210714,NA1,36.54351,121.93417,36.54333,121.93414,1,Land,0,0,3,2,Cr.NC,27
Carmel Point,20210714,NA1,36.54351,121.93417,36.54333,121.93414,1,Land,0,0,3,2,Cr.Cor,11
Carmel Point,20210714,NA1,36.54351,121.93417,36.54333,121.93414,1,Land,0,0,3,2,AC,1
Carmel Point,20210714,NA1,36.54351,121.93417,36.54333,121.93414,1,Land,0,0,3,2,Fila.,0
Carmel Point,20210714,NA1,36.54351,121.93417,36.54333,121.93414,1,Land,0,0,3,2,Cort.,4
Carmel Point,20210714,NA1,36.54351,121.93417,36.54333,121.93414,1,Land,0,0,3,2,Foliose,67
Carmel Point,20210714,NA1,36.54351,121.93417,36.54333,121.93414,1,Land,0,0,3,2,Leath.,30
Carmel Point,20210714,NA1,36.54351,121.93417,36.54333,121.93414,1,Land,0,0,3,2,Kelp,0
Carmel Point,20210714,NA1,36.54351,121.93417,36.54333,121.93414,1,Land,0,0,3,2,SG,0
Carmel Point,20210714,NA1,36.54351,121.93417,36.54333,121.93414,1,Land,0,0,3,2,BR,4
Carmel Point,20210714,NA1,36.54351,121.93417,36.54333,121.93414,2,Sea,0,0,0,0,Cr.NC,15
Carmel Point,20210714,NA1,36.54351,121.93417,36.54333,121.93414,2,Sea,0,0,0,0,Cr.Cor,5
Carmel Point,20210714,NA1,36.54351,121.93417,36.54333,121.93414,2,Sea,0,0,0,0,AC,2
Carmel Point,20210714,NA1,36.54351,121.93417,36.54333,121.93414,2,Sea,0,0,0,0,Fila.,0
Carmel Point,20210714,NA1,36.54351,121.93417,36.54333,121.93414,2,Sea,0,0,0,0,Cort.,1
Carmel Point,20210714,NA1,36.54351,121.93417,36.54333,121.93414,2,Sea,0,0,0,0,Foliose,70
Carmel Point,20210714,NA1,36.54351,121.93417,36.54333,121.93414,2,Sea,0,0,0,0,Leath.,50
Carmel Point,20210714,NA1,36.54351,121.93417,36.54333,121.93414,2,Sea,0,0,0,0,Kelp,0
Carmel Point,20210714,NA1,36.54351,121.93417,36.54333,121.93414,2,Sea,0,0,0,0,SG,0
Carmel Point,20210714,NA1,36.54351,121.93417,36.54333,121.93414,2,Sea,0,0,0,0,BR,8
Carmel Point,20210714,NA1,36.54351,121.93417,36.54333,121.93414,3,Land,0,1,2,4,Cr.NC,30
Carmel Point,20210714,NA1,36.54351,121.93417,36.54333,121.93414,3,Land,0,1,2,4,Cr.Cor,5
Carmel Point,20210714,NA1,36.54351,121.93417,36.54333,121.93414,3,Land,0,1,2,4,AC,0
Carmel Point,20210714,NA1,36.54351,121.93417,36.54333,121.93414,3,Land,0,1,2,4,Fila.,0
Carmel Point,20210714,NA1,36.54351,121.93417,36.54333,121.93414,3,Land,0,1,2,4,Cort.,4
Carmel Point,20210714,NA1,36.54351,121.93417,36.54333,121.93414,3,Land,0,1,2,4,Foliose,32
Carmel Point,20210714,NA1,36.54351,121.93417,36.54333,121.93414,3,Land,0,1,2,4,Leath.,55
Carmel Point,20210714,NA1,36.54351,121.93417,36.54333,121.93414,3,Land,0,1,2,4,Kelp,0
Carmel Point,20210714,NA1,36.54351,121.93417,36.54333,121.93414,3,Land,0,1,2,4,SG,0
Carmel Point,20210714,NA1,36.54351,121.93417,36.54333,121.93414,3,Land,0,1,2,4,BR,2
Carmel Point,20210714,NA1,36.54351,121.93417,36.54333,121.93414,4,Sea,0,2,1,4,Cr.NC,14
Carmel Point,20210714,NA1,36.54351,121.93417,36.54333,121.93414,4,Sea,0,2,1,4,Cr.Cor,4
Carmel Point,20210714,NA1,36.54351,121.93417,36.54333,121.93414,4,Sea,0,2,1,4,AC,1
Carmel Point,20210714,NA1,36.54351,121.93417,36.54333,121.93414,4,Sea,0,2,1,4,Fila.,0
Carmel Point,20210714,NA1,36.54351,121.93417,36.54333,121.93414,4,Sea,0,2,1,4,Cort.,0
Carmel Point,20210714,NA1,36.54351,121.93417,36.54333,121.93414,4,Sea,0,2,1,4,Foliose,60
Carmel Point,20210714,NA1,36.54351,121.93417,36.54333,121.93414,4,Sea,0,2,1,4,Leath.,67
Carmel Point,20210714,NA1,36.54351,121.93417,36.54333,121.93414,4,Sea,0,2,1,4,Kelp,0
Carmel Point,20210714,NA1,36.54351,121.93417,36.54333,121.93414,4,Sea,0,2,1,4,SG,0
Carmel Point,20210714,NA1,36.54351,121.93417,36.54333,121.93414,4,Sea,0,2,1,4,BR,4
Carmel Point,20210714,NA1,36.54351,121.93417,36.54333,121.93414,5,Land,0,1,0,0,Cr.NC,22
Carmel Point,20210714,NA1,36.54351,121.93417,36.54333,121.93414,5,Land,0,1,0,0,Cr.Cor,2
Carmel Point,20210714,NA1,36.54351,121.93417,36.54333,121.93414,5,Land,0,1,0,0,AC,1
Carmel Point,20210714,NA1,36.54351,121.93417,36.54333,121.93414,5,Land,0,1,0,0,Fila.,0
Carmel Point,20210714,NA1,36.54351,121.93417,36.54333,121.93414,5,Land,0,1,0,0,Cort.,1
Carmel Point,20210714,NA1,36.54351,121.93417,36.54333,121.93414,5,Land,0,1,0,0,Foliose,64
Carmel Point,20210714,NA1,36.54351,121.93417,36.54333,121.93414,5,Land,0,1,0,0,Leath.,55
Carmel Point,20210714,NA1,36.54351,121.93417,36.54333,121.93414,5,Land,0,1,0,0,Kelp,0
Carmel Point,20210714,NA1,36.54351,121.93417,36.54333,121.93414,5,Land,0,1,0,0,SG,0
Carmel Point,20210714,NA1,36.54351,121.93417,36.54333,121.93414,5,Land,0,1,0,0,BR,11
Hopkins,20210724,6,36.62172,121.90352,36.62175,121.90372,1,Sea,34,6,4,0,Cr.NC,39
Hopkins,20210724,6,36.62172,121.90352,36.62175,121.90372,1,Sea,34,6,4,0,Cr.Cor,0
Hopkins,20210724,6,36.62172,121.90352,36.62175,121.90372,1,Sea,34,6,4,0,AC,0
Hopkins,20210724,6,36.62172,121.90352,36.62175,121.90372,1,Sea,34,6,4,0,Fila.,0
Hopkins,20210724,6,36.62172,121.90352,36.62175,121.90372,1,Sea,34,6,4,0,Cort.,1
Hopkins,20210724,6,36.62172,121.90352,36.62175,121.90372,1,Sea,34,6,4,0,Foliose,1
Hopkins,20210724,6,36.62172,121.90352,36.62175,121.90372,1,Sea,34,6,4,0,Leath.,7
Hopkins,20210724,6,36.62172,121.90352,36.62175,121.90372,1,Sea,34,6,4,0,Kelp,0
Hopkins,20210724,6,36.62172,121.90352,36.62175,121.90372,1,Sea,34,6,4,0,SG,0
Hopkins,20210724,6,36.62172,121.90352,36.62175,121.90372,1,Sea,34,6,4,0,BR,23
Hopkins,20210724,6,36.62172,121.90352,36.62175,121.90372,2,Land,14,1,2,0,Cr.NC,58
Hopkins,20210724,6,36.62172,121.90352,36.62175,121.90372,2,Land,14,1,2,0,Cr.Cor,0
Hopkins,20210724,6,36.62172,121.90352,36.62175,121.90372,2,Land,14,1,2,0,AC,0
Hopkins,20210724,6,36.62172,121.90352,36.62175,121.90372,2,Land,14,1,2,0,Fila.,0
Hopkins,20210724,6,36.62172,121.90352,36.62175,121.90372,2,Land,14,1,2,0,Cort.,0
Hopkins,20210724,6,36.62172,121.90352,36.62175,121.90372,2,Land,14,1,2,0,Foliose,0
Hopkins,20210724,6,36.62172,121.90352,36.62175,121.90372,2,Land,14,1,2,0,Leath.,5
Hopkins,20210724,6,36.62172,121.90352,36.62175,121.90372,2,Land,14,1,2,0,Kelp,0
Hopkins,20210724,6,36.62172,121.90352,36.62175,121.90372,2,Land,14,1,2,0,SG,3
Hopkins,20210724,6,36.62172,121.90352,36.62175,121.90372,2,Land,14,1,2,0,BR,10
Hopkins,20210724,6,36.62172,121.90352,36.62175,121.90372,3,Sea,24,3,0,0,Cr.NC,21
Hopkins,20210724,6,36.62172,121.90352,36.62175,121.90372,3,Sea,24,3,0,0,Cr.Cor,0
Hopkins,20210724,6,36.62172,121.90352,36.62175,121.90372,3,Sea,24,3,0,0,AC,0
Hopkins,20210724,6,36.62172,121.90352,36.62175,121.90372,3,Sea,24,3,0,0,Fila.,0
Hopkins,20210724,6,36.62172,121.90352,36.62175,121.90372,3,Sea,24,3,0,0,Cort.,1
Hopkins,20210724,6,36.62172,121.90352,36.62175,121.90372,3,Sea,24,3,0,0,Foliose,2
Hopkins,20210724,6,36.62172,121.90352,36.62175,121.90372,3,Sea,24,3,0,0,Leath.,33
Hopkins,20210724,6,36.62172,121.90352,36.62175,121.90372,3,Sea,24,3,0,0,Kelp,3
Hopkins,20210724,6,36.62172,121.90352,36.62175,121.90372,3,Sea,24,3,0,0,SG,29
Hopkins,20210724,6,36.62172,121.90352,36.62175,121.90372,3,Sea,24,3,0,0,BR,4
Hopkins,20210724,6,36.62172,121.90352,36.62175,121.90372,4,Land,9,5,1,0,Cr.NC,31
Hopkins,20210724,6,36.62172,121.90352,36.62175,121.90372,4,Land,9,5,1,0,Cr.Cor,0
Hopkins,20210724,6,36.62172,121.90352,36.62175,121.90372,4,Land,9,5,1,0,AC,0
Hopkins,20210724,6,36.62172,121.90352,36.62175,121.90372,4,Land,9,5,1,0,Fila.,1
Hopkins,20210724,6,36.62172,121.90352,36.62175,121.90372,4,Land,9,5,1,0,Cort.,2
Hopkins,20210724,6,36.62172,121.90352,36.62175,121.90372,4,Land,9,5,1,0,Foliose,1
Hopkins,20210724,6,36.62172,121.90352,36.62175,121.90372,4,Land,9,5,1,0,Leath.,54
Hopkins,20210724,6,36.62172,121.90352,36.62175,121.90372,4,Land,9,5,1,0,Kelp,0
Hopkins,20210724,6,36.62172,121.90352,36.62175,121.90372,4,Land,9,5,1,0,SG,2
Hopkins,20210724,6,36.62172,121.90352,36.62175,121.90372,4,Land,9,5,1,0,BR,2
Hopkins,20210724,6,36.62172,121.90352,36.62175,121.90372,5,Sea,10,2,2,0,Cr.NC,37
Hopkins,20210724,6,36.62172,121.90352,36.62175,121.90372,5,Sea,10,2,2,0,Cr.Cor,4
Hopkins,20210724,6,36.62172,121.90352,36.62175,121.90372,5,Sea,10,2,2,0,AC,0
Hopkins,20210724,6,36.62172,121.90352,36.62175,121.90372,5,Sea,10,2,2,0,Fila.,0
Hopkins,20210724,6,36.62172,121.90352,36.62175,121.90372,5,Sea,10,2,2,0,Cort.,2
Hopkins,20210724,6,36.62172,121.90352,36.62175,121.90372,5,Sea,10,2,2,0,Foliose,2
Hopkins,20210724,6,36.62172,121.90352,36.62175,121.90372,5,Sea,10,2,2,0,Leath.,23
Hopkins,20210724,6,36.62172,121.90352,36.62175,121.90372,5,Sea,10,2,2,0,Kelp,0
Hopkins,20210724,6,36.62172,121.90352,36.62175,121.90372,5,Sea,10,2,2,0,SG,0
Hopkins,20210724,6,36.62172,121.90352,36.62175,121.90372,5,Sea,10,2,2,0,BR,13
Carmel Point,20210711,6,36.54421,121.93368,36.54408,121.93379,1,Land,0,2,0,0,Cr.NC,15
Carmel Point,20210711,6,36.54421,121.93368,36.54408,121.93379,1,Land,0,2,0,0,Cr.Cor,0
Carmel Point,20210711,6,36.54421,121.93368,36.54408,121.93379,1,Land,0,2,0,0,AC,0
Carmel Point,20210711,6,36.54421,121.93368,36.54408,121.93379,1,Land,0,2,0,0,Fila.,0
Carmel Point,20210711,6,36.54421,121.93368,36.54408,121.93379,1,Land,0,2,0,0,Cort.,16
Carmel Point,20210711,6,36.54421,121.93368,36.54408,121.93379,1,Land,0,2,0,0,Foliose,1
Carmel Point,20210711,6,36.54421,121.93368,36.54408,121.93379,1,Land,0,2,0,0,Leath.,58
Carmel Point,20210711,6,36.54421,121.93368,36.54408,121.93379,1,Land,0,2,0,0,Kelp,0
Carmel Point,20210711,6,36.54421,121.93368,36.54408,121.93379,1,Land,0,2,0,0,SG,0
Carmel Point,20210711,6,36.54421,121.93368,36.54408,121.93379,1,Land,0,2,0,0,BR,9
Carmel Point,20210711,6,36.54421,121.93368,36.54408,121.93379,2,Sea,0,1,0,0,Cr.NC,13
Carmel Point,20210711,6,36.54421,121.93368,36.54408,121.93379,2,Sea,0,1,0,0,Cr.Cor,0
Carmel Point,20210711,6,36.54421,121.93368,36.54408,121.93379,2,Sea,0,1,0,0,AC,0
Carmel Point,20210711,6,36.54421,121.93368,36.54408,121.93379,2,Sea,0,1,0,0,Fila.,0
Carmel Point,20210711,6,36.54421,121.93368,36.54408,121.93379,2,Sea,0,1,0,0,Cort.,8
Carmel Point,20210711,6,36.54421,121.93368,36.54408,121.93379,2,Sea,0,1,0,0,Foliose,6
Carmel Point,20210711,6,36.54421,121.93368,36.54408,121.93379,2,Sea,0,1,0,0,Leath.,71
Carmel Point,20210711,6,36.54421,121.93368,36.54408,121.93379,2,Sea,0,1,0,0,Kelp,0
Carmel Point,20210711,6,36.54421,121.93368,36.54408,121.93379,2,Sea,0,1,0,0,SG,0
Carmel Point,20210711,6,36.54421,121.93368,36.54408,121.93379,2,Sea,0,1,0,0,BR,4
Carmel Point,20210711,6,36.54421,121.93368,36.54408,121.93379,3,Land,0,0,0,0,Cr.NC,3
Carmel Point,20210711,6,36.54421,121.93368,36.54408,121.93379,3,Land,0,0,0,0,Cr.Cor,8
Carmel Point,20210711,6,36.54421,121.93368,36.54408,121.93379,3,Land,0,0,0,0,AC,1
Carmel Point,20210711,6,36.54421,121.93368,36.54408,121.93379,3,Land,0,0,0,0,Fila.,0
Carmel Point,20210711,6,36.54421,121.93368,36.54408,121.93379,3,Land,0,0,0,0,Cort.,26
Carmel Point,20210711,6,36.54421,121.93368,36.54408,121.93379,3,Land,0,0,0,0,Foliose,29
Carmel Point,20210711,6,36.54421,121.93368,36.54408,121.93379,3,Land,0,0,0,0,Leath.,55
Carmel Point,20210711,6,36.54421,121.93368,36.54408,121.93379,3,Land,0,0,0,0,Kelp,0
Carmel Point,20210711,6,36.54421,121.93368,36.54408,121.93379,3,Land,0,0,0,0,SG,0
Carmel Point,20210711,6,36.54421,121.93368,36.54408,121.93379,3,Land,0,0,0,0,BR,4
Carmel Point,20210711,6,36.54421,121.93368,36.54408,121.93379,4,Sea,0,1,0,0,Cr.NC,7
Carmel Point,20210711,6,36.54421,121.93368,36.54408,121.93379,4,Sea,0,1,0,0,Cr.Cor,2
Carmel Point,20210711,6,36.54421,121.93368,36.54408,121.93379,4,Sea,0,1,0,0,AC,0
Carmel Point,20210711,6,36.54421,121.93368,36.54408,121.93379,4,Sea,0,1,0,0,Fila.,0
Carmel Point,20210711,6,36.54421,121.93368,36.54408,121.93379,4,Sea,0,1,0,0,Cort.,26
Carmel Point,20210711,6,36.54421,121.93368,36.54408,121.93379,4,Sea,0,1,0,0,Foliose,23
Carmel Point,20210711,6,36.54421,121.93368,36.54408,121.93379,4,Sea,0,1,0,0,Leath.,46
Carmel Point,20210711,6,36.54421,121.93368,36.54408,121.93379,4,Sea,0,1,0,0,Kelp,0
Carmel Point,20210711,6,36.54421,121.93368,36.54408,121.93379,4,Sea,0,1,0,0,SG,0
Carmel Point,20210711,6,36.54421,121.93368,36.54408,121.93379,4,Sea,0,1,0,0,BR,3
Carmel Point,20210711,6,36.54421,121.93368,36.54408,121.93379,5,Land,0,1,0,0,Cr.NC,3
Carmel Point,20210711,6,36.54421,121.93368,36.54408,121.93379,5,Land,0,1,0,0,Cr.Cor,6
Carmel Point,20210711,6,36.54421,121.93368,36.54408,121.93379,5,Land,0,1,0,0,AC,0
Carmel Point,20210711,6,36.54421,121.93368,36.54408,121.93379,5,Land,0,1,0,0,Fila.,0
Carmel Point,20210711,6,36.54421,121.93368,36.54408,121.93379,5,Land,0,1,0,0,Cort.,12
Carmel Point,20210711,6,36.54421,121.93368,36.54408,121.93379,5,Land,0,1,0,0,Foliose,42
Carmel Point,20210711,6,36.54421,121.93368,36.54408,121.93379,5,Land,0,1,0,0,Leath.,44
Carmel Point,20210711,6,36.54421,121.93368,36.54408,121.93379,5,Land,0,1,0,0,Kelp,0
Carmel Point,20210711,6,36.54421,121.93368,36.54408,121.93379,5,Land,0,1,0,0,SG,0
Carmel Point,20210711,6,36.54421,121.93368,36.54408,121.93379,5,Land,0,1,0,0,BR,9
Hopkins,20210723,1,36.62128,121.90355,36.62142,121.90365,1,Sea,0,2,0,0,Cr.NC,9
Hopkins,20210723,1,36.62128,121.90355,36.62142,121.90365,1,Sea,0,2,0,0,Cr.Cor,1
Hopkins,20210723,1,36.62128,121.90355,36.62142,121.90365,1,Sea,0,2,0,0,AC,0
Hopkins,20210723,1,36.62128,121.90355,36.62142,121.90365,1,Sea,0,2,0,0,Fila.,1
Hopkins,20210723,1,36.62128,121.90355,36.62142,121.90365,1,Sea,0,2,0,0,Cort.,21
Hopkins,20210723,1,36.62128,121.90355,36.62142,121.90365,1,Sea,0,2,0,0,Foliose,1
Hopkins,20210723,1,36.62128,121.90355,36.62142,121.90365,1,Sea,0,2,0,0,Leath.,44
Hopkins,20210723,1,36.62128,121.90355,36.62142,121.90365,1,Sea,0,2,0,0,Kelp,0
Hopkins,20210723,1,36.62128,121.90355,36.62142,121.90365,1,Sea,0,2,0,0,SG,0
Hopkins,20210723,1,36.62128,121.90355,36.62142,121.90365,1,Sea,0,2,0,0,BR,3
Hopkins,20210723,1,36.62128,121.90355,36.62142,121.90365,2,Land,0,13,0,1,Cr.NC,10
Hopkins,20210723,1,36.62128,121.90355,36.62142,121.90365,2,Land,0,13,0,1,Cr.Cor,4
Hopkins,20210723,1,36.62128,121.90355,36.62142,121.90365,2,Land,0,13,0,1,AC,0
Hopkins,20210723,1,36.62128,121.90355,36.62142,121.90365,2,Land,0,13,0,1,Fila.,0
Hopkins,20210723,1,36.62128,121.90355,36.62142,121.90365,2,Land,0,13,0,1,Cort.,8
Hopkins,20210723,1,36.62128,121.90355,36.62142,121.90365,2,Land,0,13,0,1,Foliose,0
Hopkins,20210723,1,36.62128,121.90355,36.62142,121.90365,2,Land,0,13,0,1,Leath.,65
Hopkins,20210723,1,36.62128,121.90355,36.62142,121.90365,2,Land,0,13,0,1,Kelp,0
Hopkins,20210723,1,36.62128,121.90355,36.62142,121.90365,2,Land,0,13,0,1,SG,0
Hopkins,20210723,1,36.62128,121.90355,36.62142,121.90365,2,Land,0,13,0,1,BR,2
Hopkins,20210723,1,36.62128,121.90355,36.62142,121.90365,3,Sea,3,2,2,0,Cr.NC,15
Hopkins,20210723,1,36.62128,121.90355,36.62142,121.90365,3,Sea,3,2,2,0,Cr.Cor,2
Hopkins,20210723,1,36.62128,121.90355,36.62142,121.90365,3,Sea,3,2,2,0,AC,0
Hopkins,20210723,1,36.62128,121.90355,36.62142,121.90365,3,Sea,3,2,2,0,Fila.,0
Hopkins,20210723,1,36.62128,121.90355,36.62142,121.90365,3,Sea,3,2,2,0,Cort.,27
Hopkins,20210723,1,36.62128,121.90355,36.62142,121.90365,3,Sea,3,2,2,0,Foliose,0
Hopkins,20210723,1,36.62128,121.90355,36.62142,121.90365,3,Sea,3,2,2,0,Leath.,36
Hopkins,20210723,1,36.62128,121.90355,36.62142,121.90365,3,Sea,3,2,2,0,Kelp,0
Hopkins,20210723,1,36.62128,121.90355,36.62142,121.90365,3,Sea,3,2,2,0,SG,0
Hopkins,20210723,1,36.62128,121.90355,36.62142,121.90365,3,Sea,3,2,2,0,BR,9
Hopkins,20210723,1,36.62128,121.90355,36.62142,121.90365,4,Land,3,2,0,0,Cr.NC,20
Hopkins,20210723,1,36.62128,121.90355,36.62142,121.90365,4,Land,3,2,0,0,Cr.Cor,1
Hopkins,20210723,1,36.62128,121.90355,36.62142,121.90365,4,Land,3,2,0,0,AC,0
Hopkins,20210723,1,36.62128,121.90355,36.62142,121.90365,4,Land,3,2,0,0,Fila.,0
Hopkins,20210723,1,36.62128,121.90355,36.62142,121.90365,4,Land,3,2,0,0,Cort.,21
Hopkins,20210723,1,36.62128,121.90355,36.62142,121.90365,4,Land,3,2,0,0,Foliose,0
Hopkins,20210723,1,36.62128,121.90355,36.62142,121.90365,4,Land,3,2,0,0,Leath.,47
Hopkins,20210723,1,36.62128,121.90355,36.62142,121.90365,4,Land,3,2,0,0,Kelp,0
Hopkins,20210723,1,36.62128,121.90355,36.62142,121.90365,4,Land,3,2,0,0,SG,0
Hopkins,20210723,1,36.62128,121.90355,36.62142,121.90365,4,Land,3,2,0,0,BR,11
Hopkins,20210723,1,36.62128,121.90355,36.62142,121.90365,5,Sea,0,20,0,0,Cr.NC,30
Hopkins,20210723,1,36.62128,121.90355,36.62142,121.90365,5,Sea,0,20,0,0,Cr.Cor,0
Hopkins,20210723,1,36.62128,121.90355,36.62142,121.90365,5,Sea,0,20,0,0,AC,0
Hopkins,20210723,1,36.62128,121.90355,36.62142,121.90365,5,Sea,0,20,0,0,Fila.,0
Hopkins,20210723,1,36.62128,121.90355,36.62142,121.90365,5,Sea,0,20,0,0,Cort.,20
Hopkins,20210723,1,36.62128,121.90355,36.62142,121.90365,5,Sea,0,20,0,0,Foliose,0
Hopkins,20210723,1,36.62128,121.90355,36.62142,121.90365,5,Sea,0,20,0,0,Leath.,95
Hopkins,20210723,1,36.62128,121.90355,36.62142,121.90365,5,Sea,0,20,0,0,Kelp,0
Hopkins,20210723,1,36.62128,121.90355,36.62142,121.90365,5,Sea,0,20,0,0,SG,0
Hopkins,20210723,1,36.62128,121.90355,36.62142,121.90365,5,Sea,0,20,0,0,BR,5
Carmel Point,20210710,1,36.54432,121.93375,36.54414,121.93387,1,Sea,0,1,1,0,Cr.NC,34
Carmel Point,20210710,1,36.54432,121.93375,36.54414,121.93387,1,Sea,0,1,1,0,Cr.Cor,5
Carmel Point,20210710,1,36.54432,121.93375,36.54414,121.93387,1,Sea,0,1,1,0,AC,0
Carmel Point,20210710,1,36.54432,121.93375,36.54414,121.93387,1,Sea,0,1,1,0,Fila.,0
Carmel Point,20210710,1,36.54432,121.93375,36.54414,121.93387,1,Sea,0,1,1,0,Cort.,11
Carmel Point,20210710,1,36.54432,121.93375,36.54414,121.93387,1,Sea,0,1,1,0,Foliose,14
Carmel Point,20210710,1,36.54432,121.93375,36.54414,121.93387,1,Sea,0,1,1,0,Leath.,26
Carmel Point,20210710,1,36.54432,121.93375,36.54414,121.93387,1,Sea,0,1,1,0,Kelp,12
Carmel Point,20210710,1,36.54432,121.93375,36.54414,121.93387,1,Sea,0,1,1,0,SG,0
Carmel Point,20210710,1,36.54432,121.93375,36.54414,121.93387,1,Sea,0,1,1,0,BR,6
Carmel Point,20210710,1,36.54432,121.93375,36.54414,121.93387,2,Sea,0,0,1,0,Cr.NC,7
Carmel Point,20210710,1,36.54432,121.93375,36.54414,121.93387,2,Sea,0,0,1,0,Cr.Cor,19
Carmel Point,20210710,1,36.54432,121.93375,36.54414,121.93387,2,Sea,0,0,1,0,AC,12
Carmel Point,20210710,1,36.54432,121.93375,36.54414,121.93387,2,Sea,0,0,1,0,Fila.,0
Carmel Point,20210710,1,36.54432,121.93375,36.54414,121.93387,2,Sea,0,0,1,0,Cort.,10
Carmel Point,20210710,1,36.54432,121.93375,36.54414,121.93387,2,Sea,0,0,1,0,Foliose,28
Carmel Point,20210710,1,36.54432,121.93375,36.54414,121.93387,2,Sea,0,0,1,0,Leath.,31
Carmel Point,20210710,1,36.54432,121.93375,36.54414,121.93387,2,Sea,0,0,1,0,Kelp,1
Carmel Point,20210710,1,36.54432,121.93375,36.54414,121.93387,2,Sea,0,0,1,0,SG,1
Carmel Point,20210710,1,36.54432,121.93375,36.54414,121.93387,2,Sea,0,0,1,0,BR,1
Carmel Point,20210710,1,36.54432,121.93375,36.54414,121.93387,3,Land,3,0,2,0,Cr.NC,22
Carmel Point,20210710,1,36.54432,121.93375,36.54414,121.93387,3,Land,3,0,2,0,Cr.Cor,4
Carmel Point,20210710,1,36.54432,121.93375,36.54414,121.93387,3,Land,3,0,2,0,AC,1
Carmel Point,20210710,1,36.54432,121.93375,36.54414,121.93387,3,Land,3,0,2,0,Fila.,0
Carmel Point,20210710,1,36.54432,121.93375,36.54414,121.93387,3,Land,3,0,2,0,Cort.,15
Carmel Point,20210710,1,36.54432,121.93375,36.54414,121.93387,3,Land,3,0,2,0,Foliose,27
Carmel Point,20210710,1,36.54432,121.93375,36.54414,121.93387,3,Land,3,0,2,0,Leath.,13
Carmel Point,20210710,1,36.54432,121.93375,36.54414,121.93387,3,Land,3,0,2,0,Kelp,0
Carmel Point,20210710,1,36.54432,121.93375,36.54414,121.93387,3,Land,3,0,2,0,SG,0
Carmel Point,20210710,1,36.54432,121.93375,36.54414,121.93387,3,Land,3,0,2,0,BR,4
Carmel Point,20210710,1,36.54432,121.93375,36.54414,121.93387,4,Land,0,0,0,0,Cr.NC,0
Carmel Point,20210710,1,36.54432,121.93375,36.54414,121.93387,4,Land,0,0,0,0,Cr.Cor,0
Carmel Point,20210710,1,36.54432,121.93375,36.54414,121.93387,4,Land,0,0,0,0,AC,0
Carmel Point,20210710,1,36.54432,121.93375,36.54414,121.93387,4,Land,0,0,0,0,Fila.,0
Carmel Point,20210710,1,36.54432,121.93375,36.54414,121.93387,4,Land,0,0,0,0,Cort.,0
Carmel Point,20210710,1,36.54432,121.93375,36.54414,121.93387,4,Land,0,0,0,0,Foliose,0
Carmel Point,20210710,1,36.54432,121.93375,36.54414,121.93387,4,Land,0,0,0,0,Leath.,0
Carmel Point,20210710,1,36.54432,121.93375,36.54414,121.93387,4,Land,0,0,0,0,Kelp,100
Carmel Point,20210710,1,36.54432,121.93375,36.54414,121.93387,4,Land,0,0,0,0,SG,0
Carmel Point,20210710,1,36.54432,121.93375,36.54414,121.93387,4,Land,0,0,0,0,BR,0
Carmel Point,20210710,1,36.54432,121.93375,36.54414,121.93387,5,Sea,0,0,0,0,Cr.NC,27
Carmel Point,20210710,1,36.54432,121.93375,36.54414,121.93387,5,Sea,0,0,0,0,Cr.Cor,1
Carmel Point,20210710,1,36.54432,121.93375,36.54414,121.93387,5,Sea,0,0,0,0,AC,2
Carmel Point,20210710,1,36.54432,121.93375,36.54414,121.93387,5,Sea,0,0,0,0,Fila.,0
Carmel Point,20210710,1,36.54432,121.93375,36.54414,121.93387,5,Sea,0,0,0,0,Cort.,11
Carmel Point,20210710,1,36.54432,121.93375,36.54414,121.93387,5,Sea,0,0,0,0,Foliose,58
Carmel Point,20210710,1,36.54432,121.93375,36.54414,121.93387,5,Sea,0,0,0,0,Leath.,26
Carmel Point,20210710,1,36.54432,121.93375,36.54414,121.93387,5,Sea,0,0,0,0,Kelp,0
Carmel Point,20210710,1,36.54432,121.93375,36.54414,121.93387,5,Sea,0,0,0,0,SG,7
Carmel Point,20210710,1,36.54432,121.93375,36.54414,121.93387,5,Sea,0,0,0,0,BR,1
Carmel Point,20210710,2,36.54411,121.93386,36.54395,121.93394,1,Land,0,0,0,0,Cr.NC,80
Carmel Point,20210710,2,36.54411,121.93386,36.54395,121.93394,1,Land,0,0,0,0,Cr.Cor,2
Carmel Point,20210710,2,36.54411,121.93386,36.54395,121.93394,1,Land,0,0,0,0,AC,0
Carmel Point,20210710,2,36.54411,121.93386,36.54395,121.93394,1,Land,0,0,0,0,Fila.,0
Carmel Point,20210710,2,36.54411,121.93386,36.54395,121.93394,1,Land,0,0,0,0,Cort.,1
Carmel Point,20210710,2,36.54411,121.93386,36.54395,121.93394,1,Land,0,0,0,0,Foliose,65
Carmel Point,20210710,2,36.54411,121.93386,36.54395,121.93394,1,Land,0,0,0,0,Leath.,54
Carmel Point,20210710,2,36.54411,121.93386,36.54395,121.93394,1,Land,0,0,0,0,Kelp,0
Carmel Point,20210710,2,36.54411,121.93386,36.54395,121.93394,1,Land,0,0,0,0,SG,0
Carmel Point,20210710,2,36.54411,121.93386,36.54395,121.93394,1,Land,0,0,0,0,BR,1
Carmel Point,20210710,2,36.54411,121.93386,36.54395,121.93394,2,Sea,0,2,1,1,Cr.NC,21
Carmel Point,20210710,2,36.54411,121.93386,36.54395,121.93394,2,Sea,0,2,1,1,Cr.Cor,20
Carmel Point,20210710,2,36.54411,121.93386,36.54395,121.93394,2,Sea,0,2,1,1,AC,9
Carmel Point,20210710,2,36.54411,121.93386,36.54395,121.93394,2,Sea,0,2,1,1,Fila.,0
Carmel Point,20210710,2,36.54411,121.93386,36.54395,121.93394,2,Sea,0,2,1,1,Cort.,0
Carmel Point,20210710,2,36.54411,121.93386,36.54395,121.93394,2,Sea,0,2,1,1,Foliose,4
Carmel Point,20210710,2,36.54411,121.93386,36.54395,121.93394,2,Sea,0,2,1,1,Leath.,6
Carmel Point,20210710,2,36.54411,121.93386,36.54395,121.93394,2,Sea,0,2,1,1,Kelp,15
Carmel Point,20210710,2,36.54411,121.93386,36.54395,121.93394,2,Sea,0,2,1,1,SG,3
Carmel Point,20210710,2,36.54411,121.93386,36.54395,121.93394,2,Sea,0,2,1,1,BR,22
Carmel Point,20210710,2,36.54411,121.93386,36.54395,121.93394,3,Land,3,0,1,0,Cr.NC,45
Carmel Point,20210710,2,36.54411,121.93386,36.54395,121.93394,3,Land,3,0,1,0,Cr.Cor,1
Carmel Point,20210710,2,36.54411,121.93386,36.54395,121.93394,3,Land,3,0,1,0,AC,1
Carmel Point,20210710,2,36.54411,121.93386,36.54395,121.93394,3,Land,3,0,1,0,Fila.,0
Carmel Point,20210710,2,36.54411,121.93386,36.54395,121.93394,3,Land,3,0,1,0,Cort.,8
Carmel Point,20210710,2,36.54411,121.93386,36.54395,121.93394,3,Land,3,0,1,0,Foliose,54
Carmel Point,20210710,2,36.54411,121.93386,36.54395,121.93394,3,Land,3,0,1,0,Leath.,18
Carmel Point,20210710,2,36.54411,121.93386,36.54395,121.93394,3,Land,3,0,1,0,Kelp,0
Carmel Point,20210710,2,36.54411,121.93386,36.54395,121.93394,3,Land,3,0,1,0,SG,0
Carmel Point,20210710,2,36.54411,121.93386,36.54395,121.93394,3,Land,3,0,1,0,BR,2
Carmel Point,20210710,2,36.54411,121.93386,36.54395,121.93394,4,Sea,NA,NA,NA,NA,Cr.NC,NA
Carmel Point,20210710,2,36.54411,121.93386,36.54395,121.93394,4,Sea,NA,NA,NA,NA,Cr.Cor,NA
Carmel Point,20210710,2,36.54411,121.93386,36.54395,121.93394,4,Sea,NA,NA,NA,NA,AC,NA
Carmel Point,20210710,2,36.54411,121.93386,36.54395,121.93394,4,Sea,NA,NA,NA,NA,Fila.,NA
Carmel Point,20210710,2,36.54411,121.93386,36.54395,121.93394,4,Sea,NA,NA,NA,NA,Cort.,NA
Carmel Point,20210710,2,36.54411,121.93386,36.54395,121.93394,4,Sea,NA,NA,NA,NA,Foliose,NA
Carmel Point,20210710,2,36.54411,121.93386,36.54395,121.93394,4,Sea,NA,NA,NA,NA,Leath.,NA
Carmel Point,20210710,2,36.54411,121.93386,36.54395,121.93394,4,Sea,NA,NA,NA,NA,Kelp,NA
Carmel Point,20210710,2,36.54411,121.93386,36.54395,121.93394,4,Sea,NA,NA,NA,NA,SG,NA
Carmel Point,20210710,2,36.54411,121.93386,36.54395,121.93394,4,Sea,NA,NA,NA,NA,BR,NA
Carmel Point,20210710,2,36.54411,121.93386,36.54395,121.93394,5,Land,27,1,4,0,Cr.NC,7
Carmel Point,20210710,2,36.54411,121.93386,36.54395,121.93394,5,Land,27,1,4,0,Cr.Cor,3
Carmel Point,20210710,2,36.54411,121.93386,36.54395,121.93394,5,Land,27,1,4,0,AC,0
Carmel Point,20210710,2,36.54411,121.93386,36.54395,121.93394,5,Land,27,1,4,0,Fila.,0
Carmel Point,20210710,2,36.54411,121.93386,36.54395,121.93394,5,Land,27,1,4,0,Cort.,31
Carmel Point,20210710,2,36.54411,121.93386,36.54395,121.93394,5,Land,27,1,4,0,Foliose,1
Carmel Point,20210710,2,36.54411,121.93386,36.54395,121.93394,5,Land,27,1,4,0,Leath.,11
Carmel Point,20210710,2,36.54411,121.93386,36.54395,121.93394,5,Land,27,1,4,0,Kelp,0
Carmel Point,20210710,2,36.54411,121.93386,36.54395,121.93394,5,Land,27,1,4,0,SG,0
Carmel Point,20210710,2,36.54411,121.93386,36.54395,121.93394,5,Land,27,1,4,0,BR,30
Hopkins,20210723,2,36.54352,121.93419,36.6213,121.90335,1,Land,0,0,80,0,Cr.NC,1
Hopkins,20210723,2,36.54352,121.93419,36.6213,121.90335,1,Land,0,0,80,0,Cr.Cor,0.5
Hopkins,20210723,2,36.54352,121.93419,36.6213,121.90335,1,Land,0,0,80,0,AC,0
Hopkins,20210723,2,36.54352,121.93419,36.6213,121.90335,1,Land,0,0,80,0,Fila.,0
Hopkins,20210723,2,36.54352,121.93419,36.6213,121.90335,1,Land,0,0,80,0,Cort.,3
Hopkins,20210723,2,36.54352,121.93419,36.6213,121.90335,1,Land,0,0,80,0,Foliose,0
Hopkins,20210723,2,36.54352,121.93419,36.6213,121.90335,1,Land,0,0,80,0,Leath.,14
Hopkins,20210723,2,36.54352,121.93419,36.6213,121.90335,1,Land,0,0,80,0,Kelp,0
Hopkins,20210723,2,36.54352,121.93419,36.6213,121.90335,1,Land,0,0,80,0,SG,0
Hopkins,20210723,2,36.54352,121.93419,36.6213,121.90335,1,Land,0,0,80,0,BR,15
Hopkins,20210723,2,36.54352,121.93419,36.6213,121.90335,2,Sea,0,10,0,0,Cr.NC,80
Hopkins,20210723,2,36.54352,121.93419,36.6213,121.90335,2,Sea,0,10,0,0,Cr.Cor,4
Hopkins,20210723,2,36.54352,121.93419,36.6213,121.90335,2,Sea,0,10,0,0,AC,0
Hopkins,20210723,2,36.54352,121.93419,36.6213,121.90335,2,Sea,0,10,0,0,Fila.,0
Hopkins,20210723,2,36.54352,121.93419,36.6213,121.90335,2,Sea,0,10,0,0,Cort.,20
Hopkins,20210723,2,36.54352,121.93419,36.6213,121.90335,2,Sea,0,10,0,0,Foliose,0.5
Hopkins,20210723,2,36.54352,121.93419,36.6213,121.90335,2,Sea,0,10,0,0,Leath.,75
Hopkins,20210723,2,36.54352,121.93419,36.6213,121.90335,2,Sea,0,10,0,0,Kelp,0
Hopkins,20210723,2,36.54352,121.93419,36.6213,121.90335,2,Sea,0,10,0,0,SG,0
Hopkins,20210723,2,36.54352,121.93419,36.6213,121.90335,2,Sea,0,10,0,0,BR,2
Hopkins,20210723,2,36.54352,121.93419,36.6213,121.90335,3,Land,0,1,0,0,Cr.NC,11
Hopkins,20210723,2,36.54352,121.93419,36.6213,121.90335,3,Land,0,1,0,0,Cr.Cor,0
Hopkins,20210723,2,36.54352,121.93419,36.6213,121.90335,3,Land,0,1,0,0,AC,0
Hopkins,20210723,2,36.54352,121.93419,36.6213,121.90335,3,Land,0,1,0,0,Fila.,0
Hopkins,20210723,2,36.54352,121.93419,36.6213,121.90335,3,Land,0,1,0,0,Cort.,0
Hopkins,20210723,2,36.54352,121.93419,36.6213,121.90335,3,Land,0,1,0,0,Foliose,1
Hopkins,20210723,2,36.54352,121.93419,36.6213,121.90335,3,Land,0,1,0,0,Leath.,10
Hopkins,20210723,2,36.54352,121.93419,36.6213,121.90335,3,Land,0,1,0,0,Kelp,0
Hopkins,20210723,2,36.54352,121.93419,36.6213,121.90335,3,Land,0,1,0,0,SG,55
Hopkins,20210723,2,36.54352,121.93419,36.6213,121.90335,3,Land,0,1,0,0,BR,60
Hopkins,20210723,2,36.54352,121.93419,36.6213,121.90335,4,Sea,0,1,0,0,Cr.NC,12
Hopkins,20210723,2,36.54352,121.93419,36.6213,121.90335,4,Sea,0,1,0,0,Cr.Cor,0
Hopkins,20210723,2,36.54352,121.93419,36.6213,121.90335,4,Sea,0,1,0,0,AC,0
Hopkins,20210723,2,36.54352,121.93419,36.6213,121.90335,4,Sea,0,1,0,0,Fila.,0
Hopkins,20210723,2,36.54352,121.93419,36.6213,121.90335,4,Sea,0,1,0,0,Cort.,4
Hopkins,20210723,2,36.54352,121.93419,36.6213,121.90335,4,Sea,0,1,0,0,Foliose,0
Hopkins,20210723,2,36.54352,121.93419,36.6213,121.90335,4,Sea,0,1,0,0,Leath.,20
Hopkins,20210723,2,36.54352,121.93419,36.6213,121.90335,4,Sea,0,1,0,0,Kelp,0
Hopkins,20210723,2,36.54352,121.93419,36.6213,121.90335,4,Sea,0,1,0,0,SG,60
Hopkins,20210723,2,36.54352,121.93419,36.6213,121.90335,4,Sea,0,1,0,0,BR,47
Hopkins,20210723,2,36.54352,121.93419,36.6213,121.90335,5,Land,0,4,0,0,Cr.NC,85
Hopkins,20210723,2,36.54352,121.93419,36.6213,121.90335,5,Land,0,4,0,0,Cr.Cor,0
Hopkins,20210723,2,36.54352,121.93419,36.6213,121.90335,5,Land,0,4,0,0,AC,0
Hopkins,20210723,2,36.54352,121.93419,36.6213,121.90335,5,Land,0,4,0,0,Fila.,0.5
Hopkins,20210723,2,36.54352,121.93419,36.6213,121.90335,5,Land,0,4,0,0,Cort.,11
Hopkins,20210723,2,36.54352,121.93419,36.6213,121.90335,5,Land,0,4,0,0,Foliose,0
Hopkins,20210723,2,36.54352,121.93419,36.6213,121.90335,5,Land,0,4,0,0,Leath.,70
Hopkins,20210723,2,36.54352,121.93419,36.6213,121.90335,5,Land,0,4,0,0,Kelp,0
Hopkins,20210723,2,36.54352,121.93419,36.6213,121.90335,5,Land,0,4,0,0,SG,0
Hopkins,20210723,2,36.54352,121.93419,36.6213,121.90335,5,Land,0,4,0,0,BR,4
Carmel Point,20210711,4,36.54374,121.93417,36.54359,121.9347,1,NA,NA,NA,NA,NA,Cr.NC,NA
Carmel Point,20210711,4,36.54374,121.93417,36.54359,121.9347,1,NA,NA,NA,NA,NA,Cr.Cor,NA
Carmel Point,20210711,4,36.54374,121.93417,36.54359,121.9347,1,NA,NA,NA,NA,NA,AC,NA
Carmel Point,20210711,4,36.54374,121.93417,36.54359,121.9347,1,NA,NA,NA,NA,NA,Fila.,NA
Carmel Point,20210711,4,36.54374,121.93417,36.54359,121.9347,1,NA,NA,NA,NA,NA,Cort.,NA
Carmel Point,20210711,4,36.54374,121.93417,36.54359,121.9347,1,NA,NA,NA,NA,NA,Foliose,NA
Carmel Point,20210711,4,36.54374,121.93417,36.54359,121.9347,1,NA,NA,NA,NA,NA,Leath.,NA
Carmel Point,20210711,4,36.54374,121.93417,36.54359,121.9347,1,NA,NA,NA,NA,NA,Kelp,NA
Carmel Point,20210711,4,36.54374,121.93417,36.54359,121.9347,1,NA,NA,NA,NA,NA,SG,NA
Carmel Point,20210711,4,36.54374,121.93417,36.54359,121.9347,1,NA,NA,NA,NA,NA,BR,NA
Carmel Point,20210711,4,36.54374,121.93417,36.54359,121.9347,2,NA,NA,NA,NA,NA,Cr.NC,NA
Carmel Point,20210711,4,36.54374,121.93417,36.54359,121.9347,2,NA,NA,NA,NA,NA,Cr.Cor,NA
Carmel Point,20210711,4,36.54374,121.93417,36.54359,121.9347,2,NA,NA,NA,NA,NA,AC,NA
Carmel Point,20210711,4,36.54374,121.93417,36.54359,121.9347,2,NA,NA,NA,NA,NA,Fila.,NA
Carmel Point,20210711,4,36.54374,121.93417,36.54359,121.9347,2,NA,NA,NA,NA,NA,Cort.,NA
Carmel Point,20210711,4,36.54374,121.93417,36.54359,121.9347,2,NA,NA,NA,NA,NA,Foliose,NA
Carmel Point,20210711,4,36.54374,121.93417,36.54359,121.9347,2,NA,NA,NA,NA,NA,Leath.,NA
Carmel Point,20210711,4,36.54374,121.93417,36.54359,121.9347,2,NA,NA,NA,NA,NA,Kelp,NA
Carmel Point,20210711,4,36.54374,121.93417,36.54359,121.9347,2,NA,NA,NA,NA,NA,SG,NA
Carmel Point,20210711,4,36.54374,121.93417,36.54359,121.9347,2,NA,NA,NA,NA,NA,BR,NA
Carmel Point,20210711,4,36.54374,121.93417,36.54359,121.9347,3,NA,NA,NA,NA,NA,Cr.NC,NA
Carmel Point,20210711,4,36.54374,121.93417,36.54359,121.9347,3,NA,NA,NA,NA,NA,Cr.Cor,NA
Carmel Point,20210711,4,36.54374,121.93417,36.54359,121.9347,3,NA,NA,NA,NA,NA,AC,NA
Carmel Point,20210711,4,36.54374,121.93417,36.54359,121.9347,3,NA,NA,NA,NA,NA,Fila.,NA
Carmel Point,20210711,4,36.54374,121.93417,36.54359,121.9347,3,NA,NA,NA,NA,NA,Cort.,NA
Carmel Point,20210711,4,36.54374,121.93417,36.54359,121.9347,3,NA,NA,NA,NA,NA,Foliose,NA
Carmel Point,20210711,4,36.54374,121.93417,36.54359,121.9347,3,NA,NA,NA,NA,NA,Leath.,NA
Carmel Point,20210711,4,36.54374,121.93417,36.54359,121.9347,3,NA,NA,NA,NA,NA,Kelp,NA
Carmel Point,20210711,4,36.54374,121.93417,36.54359,121.9347,3,NA,NA,NA,NA,NA,SG,NA
Carmel Point,20210711,4,36.54374,121.93417,36.54359,121.9347,3,NA,NA,NA,NA,NA,BR,NA
Carmel Point,20210711,4,36.54374,121.93417,36.54359,121.9347,4,NA,1,2,4,0,Cr.NC,44
Carmel Point,20210711,4,36.54374,121.93417,36.54359,121.9347,4,NA,1,2,4,0,Cr.Cor,15
Carmel Point,20210711,4,36.54374,121.93417,36.54359,121.9347,4,NA,1,2,4,0,AC,19
Carmel Point,20210711,4,36.54374,121.93417,36.54359,121.9347,4,NA,1,2,4,0,Fila.,0
Carmel Point,20210711,4,36.54374,121.93417,36.54359,121.9347,4,NA,1,2,4,0,Cort.,0
Carmel Point,20210711,4,36.54374,121.93417,36.54359,121.9347,4,NA,1,2,4,0,Foliose,24
Carmel Point,20210711,4,36.54374,121.93417,36.54359,121.9347,4,NA,1,2,4,0,Leath.,57
Carmel Point,20210711,4,36.54374,121.93417,36.54359,121.9347,4,NA,1,2,4,0,Kelp,1
Carmel Point,20210711,4,36.54374,121.93417,36.54359,121.9347,4,NA,1,2,4,0,SG,0.5
Carmel Point,20210711,4,36.54374,121.93417,36.54359,121.9347,4,NA,1,2,4,0,BR,20
Carmel Point,20210711,4,36.54374,121.93417,36.54359,121.9347,5,Sea,0,1,15,2,Cr.NC,25
Carmel Point,20210711,4,36.54374,121.93417,36.54359,121.9347,5,Sea,0,1,15,2,Cr.Cor,21
Carmel Point,20210711,4,36.54374,121.93417,36.54359,121.9347,5,Sea,0,1,15,2,AC,14
Carmel Point,20210711,4,36.54374,121.93417,36.54359,121.9347,5,Sea,0,1,15,2,Fila.,0
Carmel Point,20210711,4,36.54374,121.93417,36.54359,121.9347,5,Sea,0,1,15,2,Cort.,1
Carmel Point,20210711,4,36.54374,121.93417,36.54359,121.9347,5,Sea,0,1,15,2,Foliose,54
Carmel Point,20210711,4,36.54374,121.93417,36.54359,121.9347,5,Sea,0,1,15,2,Leath.,51
Carmel Point,20210711,4,36.54374,121.93417,36.54359,121.9347,5,Sea,0,1,15,2,Kelp,1
Carmel Point,20210711,4,36.54374,121.93417,36.54359,121.9347,5,Sea,0,1,15,2,SG,1
Carmel Point,20210711,4,36.54374,121.93417,36.54359,121.9347,5,Sea,0,1,15,2,BR,46
Carmel Point,20210711,5,36.54359,121.93425,36.54346,121.93418,1,Land,0,0,0,0,Cr.NC,39
Carmel Point,20210711,5,36.54359,121.93425,36.54346,121.93418,1,Land,0,0,0,0,Cr.Cor,11
Carmel Point,20210711,5,36.54359,121.93425,36.54346,121.93418,1,Land,0,0,0,0,AC,1
Carmel Point,20210711,5,36.54359,121.93425,36.54346,121.93418,1,Land,0,0,0,0,Fila.,0
Carmel Point,20210711,5,36.54359,121.93425,36.54346,121.93418,1,Land,0,0,0,0,Cort.,1
Carmel Point,20210711,5,36.54359,121.93425,36.54346,121.93418,1,Land,0,0,0,0,Foliose,43
Carmel Point,20210711,5,36.54359,121.93425,36.54346,121.93418,1,Land,0,0,0,0,Leath.,64
Carmel Point,20210711,5,36.54359,121.93425,36.54346,121.93418,1,Land,0,0,0,0,Kelp,0
Carmel Point,20210711,5,36.54359,121.93425,36.54346,121.93418,1,Land,0,0,0,0,SG,0
Carmel Point,20210711,5,36.54359,121.93425,36.54346,121.93418,1,Land,0,0,0,0,BR,0
Carmel Point,20210711,5,36.54359,121.93425,36.54346,121.93418,2,Sea,NA,NA,NA,NA,Cr.NC,NA
Carmel Point,20210711,5,36.54359,121.93425,36.54346,121.93418,2,Sea,NA,NA,NA,NA,Cr.Cor,NA
Carmel Point,20210711,5,36.54359,121.93425,36.54346,121.93418,2,Sea,NA,NA,NA,NA,AC,NA
Carmel Point,20210711,5,36.54359,121.93425,36.54346,121.93418,2,Sea,NA,NA,NA,NA,Fila.,NA
Carmel Point,20210711,5,36.54359,121.93425,36.54346,121.93418,2,Sea,NA,NA,NA,NA,Cort.,NA
Carmel Point,20210711,5,36.54359,121.93425,36.54346,121.93418,2,Sea,NA,NA,NA,NA,Foliose,NA
Carmel Point,20210711,5,36.54359,121.93425,36.54346,121.93418,2,Sea,NA,NA,NA,NA,Leath.,NA
Carmel Point,20210711,5,36.54359,121.93425,36.54346,121.93418,2,Sea,NA,NA,NA,NA,Kelp,NA
Carmel Point,20210711,5,36.54359,121.93425,36.54346,121.93418,2,Sea,NA,NA,NA,NA,SG,NA
Carmel Point,20210711,5,36.54359,121.93425,36.54346,121.93418,2,Sea,NA,NA,NA,NA,BR,NA
Carmel Point,20210711,5,36.54359,121.93425,36.54346,121.93418,3,Land,0,0,0,0,Cr.NC,100
Carmel Point,20210711,5,36.54359,121.93425,36.54346,121.93418,3,Land,0,0,0,0,Cr.Cor,0
Carmel Point,20210711,5,36.54359,121.93425,36.54346,121.93418,3,Land,0,0,0,0,AC,0
Carmel Point,20210711,5,36.54359,121.93425,36.54346,121.93418,3,Land,0,0,0,0,Fila.,0
Carmel Point,20210711,5,36.54359,121.93425,36.54346,121.93418,3,Land,0,0,0,0,Cort.,0
Carmel Point,20210711,5,36.54359,121.93425,36.54346,121.93418,3,Land,0,0,0,0,Foliose,45
Carmel Point,20210711,5,36.54359,121.93425,36.54346,121.93418,3,Land,0,0,0,0,Leath.,90
Carmel Point,20210711,5,36.54359,121.93425,36.54346,121.93418,3,Land,0,0,0,0,Kelp,0
Carmel Point,20210711,5,36.54359,121.93425,36.54346,121.93418,3,Land,0,0,0,0,SG,0
Carmel Point,20210711,5,36.54359,121.93425,36.54346,121.93418,3,Land,0,0,0,0,BR,10
Carmel Point,20210711,5,36.54359,121.93425,36.54346,121.93418,4,Sea,0,1,1,3,Cr.NC,10
Carmel Point,20210711,5,36.54359,121.93425,36.54346,121.93418,4,Sea,0,1,1,3,Cr.Cor,15
Carmel Point,20210711,5,36.54359,121.93425,36.54346,121.93418,4,Sea,0,1,1,3,AC,12
Carmel Point,20210711,5,36.54359,121.93425,36.54346,121.93418,4,Sea,0,1,1,3,Fila.,0
Carmel Point,20210711,5,36.54359,121.93425,36.54346,121.93418,4,Sea,0,1,1,3,Cort.,0
Carmel Point,20210711,5,36.54359,121.93425,36.54346,121.93418,4,Sea,0,1,1,3,Foliose,37
Carmel Point,20210711,5,36.54359,121.93425,36.54346,121.93418,4,Sea,0,1,1,3,Leath.,44
Carmel Point,20210711,5,36.54359,121.93425,36.54346,121.93418,4,Sea,0,1,1,3,Kelp,2
Carmel Point,20210711,5,36.54359,121.93425,36.54346,121.93418,4,Sea,0,1,1,3,SG,0
Carmel Point,20210711,5,36.54359,121.93425,36.54346,121.93418,4,Sea,0,1,1,3,BR,4
Carmel Point,20210711,5,36.54359,121.93425,36.54346,121.93418,5,Land,0,0,0,0,Cr.NC,8
Carmel Point,20210711,5,36.54359,121.93425,36.54346,121.93418,5,Land,0,0,0,0,Cr.Cor,6
Carmel Point,20210711,5,36.54359,121.93425,36.54346,121.93418,5,Land,0,0,0,0,AC,1
Carmel Point,20210711,5,36.54359,121.93425,36.54346,121.93418,5,Land,0,0,0,0,Fila.,0
Carmel Point,20210711,5,36.54359,121.93425,36.54346,121.93418,5,Land,0,0,0,0,Cort.,1
Carmel Point,20210711,5,36.54359,121.93425,36.54346,121.93418,5,Land,0,0,0,0,Foliose,52
Carmel Point,20210711,5,36.54359,121.93425,36.54346,121.93418,5,Land,0,0,0,0,Leath.,38
Carmel Point,20210711,5,36.54359,121.93425,36.54346,121.93418,5,Land,0,0,0,0,Kelp,0
Carmel Point,20210711,5,36.54359,121.93425,36.54346,121.93418,5,Land,0,0,0,0,SG,0
Carmel Point,20210711,5,36.54359,121.93425,36.54346,121.93418,5,Land,0,0,0,0,BR,7
Carmel Point,20210714,NA2,36.54378,121.93433,36.54359,121.93419,1,Land,0,1,0,0,Cr.NC,28
Carmel Point,20210714,NA2,36.54378,121.93433,36.54359,121.93419,1,Land,0,1,0,0,Cr.Cor,5
Carmel Point,20210714,NA2,36.54378,121.93433,36.54359,121.93419,1,Land,0,1,0,0,AC,1
Carmel Point,20210714,NA2,36.54378,121.93433,36.54359,121.93419,1,Land,0,1,0,0,Fila.,0
Carmel Point,20210714,NA2,36.54378,121.93433,36.54359,121.93419,1,Land,0,1,0,0,Cort.,0
Carmel Point,20210714,NA2,36.54378,121.93433,36.54359,121.93419,1,Land,0,1,0,0,Foliose,56
Carmel Point,20210714,NA2,36.54378,121.93433,36.54359,121.93419,1,Land,0,1,0,0,Leath.,22
Carmel Point,20210714,NA2,36.54378,121.93433,36.54359,121.93419,1,Land,0,1,0,0,Kelp,0
Carmel Point,20210714,NA2,36.54378,121.93433,36.54359,121.93419,1,Land,0,1,0,0,SG,0
Carmel Point,20210714,NA2,36.54378,121.93433,36.54359,121.93419,1,Land,0,1,0,0,BR,5
Carmel Point,20210714,NA2,36.54378,121.93433,36.54359,121.93419,2,Sea,0,0,1,0,Cr.NC,11
Carmel Point,20210714,NA2,36.54378,121.93433,36.54359,121.93419,2,Sea,0,0,1,0,Cr.Cor,6
Carmel Point,20210714,NA2,36.54378,121.93433,36.54359,121.93419,2,Sea,0,0,1,0,AC,2
Carmel Point,20210714,NA2,36.54378,121.93433,36.54359,121.93419,2,Sea,0,0,1,0,Fila.,0
Carmel Point,20210714,NA2,36.54378,121.93433,36.54359,121.93419,2,Sea,0,0,1,0,Cort.,1
Carmel Point,20210714,NA2,36.54378,121.93433,36.54359,121.93419,2,Sea,0,0,1,0,Foliose,76
Carmel Point,20210714,NA2,36.54378,121.93433,36.54359,121.93419,2,Sea,0,0,1,0,Leath.,19
Carmel Point,20210714,NA2,36.54378,121.93433,36.54359,121.93419,2,Sea,0,0,1,0,Kelp,0
Carmel Point,20210714,NA2,36.54378,121.93433,36.54359,121.93419,2,Sea,0,0,1,0,SG,0
Carmel Point,20210714,NA2,36.54378,121.93433,36.54359,121.93419,2,Sea,0,0,1,0,BR,4
Carmel Point,20210714,NA2,36.54378,121.93433,36.54359,121.93419,3,Land,0,1,2,0,Cr.NC,31
Carmel Point,20210714,NA2,36.54378,121.93433,36.54359,121.93419,3,Land,0,1,2,0,Cr.Cor,1
Carmel Point,20210714,NA2,36.54378,121.93433,36.54359,121.93419,3,Land,0,1,2,0,AC,1
Carmel Point,20210714,NA2,36.54378,121.93433,36.54359,121.93419,3,Land,0,1,2,0,Fila.,0
Carmel Point,20210714,NA2,36.54378,121.93433,36.54359,121.93419,3,Land,0,1,2,0,Cort.,1
Carmel Point,20210714,NA2,36.54378,121.93433,36.54359,121.93419,3,Land,0,1,2,0,Foliose,49
Carmel Point,20210714,NA2,36.54378,121.93433,36.54359,121.93419,3,Land,0,1,2,0,Leath.,18
Carmel Point,20210714,NA2,36.54378,121.93433,36.54359,121.93419,3,Land,0,1,2,0,Kelp,0
Carmel Point,20210714,NA2,36.54378,121.93433,36.54359,121.93419,3,Land,0,1,2,0,SG,0
Carmel Point,20210714,NA2,36.54378,121.93433,36.54359,121.93419,3,Land,0,1,2,0,BR,12
Carmel Point,20210714,NA2,36.54378,121.93433,36.54359,121.93419,4,Sea,0,1,4,0,Cr.NC,24
Carmel Point,20210714,NA2,36.54378,121.93433,36.54359,121.93419,4,Sea,0,1,4,0,Cr.Cor,2
Carmel Point,20210714,NA2,36.54378,121.93433,36.54359,121.93419,4,Sea,0,1,4,0,AC,1
Carmel Point,20210714,NA2,36.54378,121.93433,36.54359,121.93419,4,Sea,0,1,4,0,Fila.,0
Carmel Point,20210714,NA2,36.54378,121.93433,36.54359,121.93419,4,Sea,0,1,4,0,Cort.,1
Carmel Point,20210714,NA2,36.54378,121.93433,36.54359,121.93419,4,Sea,0,1,4,0,Foliose,46
Carmel Point,20210714,NA2,36.54378,121.93433,36.54359,121.93419,4,Sea,0,1,4,0,Leath.,23
Carmel Point,20210714,NA2,36.54378,121.93433,36.54359,121.93419,4,Sea,0,1,4,0,Kelp,0
Carmel Point,20210714,NA2,36.54378,121.93433,36.54359,121.93419,4,Sea,0,1,4,0,SG,0
Carmel Point,20210714,NA2,36.54378,121.93433,36.54359,121.93419,4,Sea,0,1,4,0,BR,21
Carmel Point,20210714,NA2,36.54378,121.93433,36.54359,121.93419,5,Land,0,0,0,0,Cr.NC,98
Carmel Point,20210714,NA2,36.54378,121.93433,36.54359,121.93419,5,Land,0,0,0,0,Cr.Cor,5
Carmel Point,20210714,NA2,36.54378,121.93433,36.54359,121.93419,5,Land,0,0,0,0,AC,0
Carmel Point,20210714,NA2,36.54378,121.93433,36.54359,121.93419,5,Land,0,0,0,0,Fila.,0
Carmel Point,20210714,NA2,36.54378,121.93433,36.54359,121.93419,5,Land,0,0,0,0,Cort.,2
Carmel Point,20210714,NA2,36.54378,121.93433,36.54359,121.93419,5,Land,0,0,0,0,Foliose,50
Carmel Point,20210714,NA2,36.54378,121.93433,36.54359,121.93419,5,Land,0,0,0,0,Leath.,90
Carmel Point,20210714,NA2,36.54378,121.93433,36.54359,121.93419,5,Land,0,0,0,0,Kelp,0
Carmel Point,20210714,NA2,36.54378,121.93433,36.54359,121.93419,5,Land,0,0,0,0,SG,0
Carmel Point,20210714,NA2,36.54378,121.93433,36.54359,121.93419,5,Land,0,0,0,0,BR,10
Carmel Point,20210710,3,36.54392,121.93395,36.54382,121.93414,1,NA,2,0.5,2,0.5,Cr.NC,0
Carmel Point,20210710,3,36.54392,121.93395,36.54382,121.93414,1,NA,2,0.5,2,0.5,Cr.Cor,50
Carmel Point,20210710,3,36.54392,121.93395,36.54382,121.93414,1,NA,2,0.5,2,0.5,AC,0
Carmel Point,20210710,3,36.54392,121.93395,36.54382,121.93414,1,NA,2,0.5,2,0.5,Fila.,0
Carmel Point,20210710,3,36.54392,121.93395,36.54382,121.93414,1,NA,2,0.5,2,0.5,Cort.,25
Carmel Point,20210710,3,36.54392,121.93395,36.54382,121.93414,1,NA,2,0.5,2,0.5,Foliose,0
Carmel Point,20210710,3,36.54392,121.93395,36.54382,121.93414,1,NA,2,0.5,2,0.5,Leath.,90
Carmel Point,20210710,3,36.54392,121.93395,36.54382,121.93414,1,NA,2,0.5,2,0.5,Kelp,0
Carmel Point,20210710,3,36.54392,121.93395,36.54382,121.93414,1,NA,2,0.5,2,0.5,SG,0
Carmel Point,20210710,3,36.54392,121.93395,36.54382,121.93414,1,NA,2,0.5,2,0.5,BR,4
Carmel Point,20210710,3,36.54392,121.93395,36.54382,121.93414,2,NA,9,0,0.5,2,Cr.NC,0
Carmel Point,20210710,3,36.54392,121.93395,36.54382,121.93414,2,NA,9,0,0.5,2,Cr.Cor,0
Carmel Point,20210710,3,36.54392,121.93395,36.54382,121.93414,2,NA,9,0,0.5,2,AC,0
Carmel Point,20210710,3,36.54392,121.93395,36.54382,121.93414,2,NA,9,0,0.5,2,Fila.,0
Carmel Point,20210710,3,36.54392,121.93395,36.54382,121.93414,2,NA,9,0,0.5,2,Cort.,20
Carmel Point,20210710,3,36.54392,121.93395,36.54382,121.93414,2,NA,9,0,0.5,2,Foliose,0
Carmel Point,20210710,3,36.54392,121.93395,36.54382,121.93414,2,NA,9,0,0.5,2,Leath.,44
Carmel Point,20210710,3,36.54392,121.93395,36.54382,121.93414,2,NA,9,0,0.5,2,Kelp,0
Carmel Point,20210710,3,36.54392,121.93395,36.54382,121.93414,2,NA,9,0,0.5,2,SG,0
Carmel Point,20210710,3,36.54392,121.93395,36.54382,121.93414,2,NA,9,0,0.5,2,BR,60
Carmel Point,20210710,3,36.54392,121.93395,36.54382,121.93414,3,NA,0,2,0,0,Cr.NC,98
Carmel Point,20210710,3,36.54392,121.93395,36.54382,121.93414,3,NA,0,2,0,0,Cr.Cor,0
Carmel Point,20210710,3,36.54392,121.93395,36.54382,121.93414,3,NA,0,2,0,0,AC,0
Carmel Point,20210710,3,36.54392,121.93395,36.54382,121.93414,3,NA,0,2,0,0,Fila.,0
Carmel Point,20210710,3,36.54392,121.93395,36.54382,121.93414,3,NA,0,2,0,0,Cort.,4
Carmel Point,20210710,3,36.54392,121.93395,36.54382,121.93414,3,NA,0,2,0,0,Foliose,4.8
Carmel Point,20210710,3,36.54392,121.93395,36.54382,121.93414,3,NA,0,2,0,0,Leath.,56
Carmel Point,20210710,3,36.54392,121.93395,36.54382,121.93414,3,NA,0,2,0,0,Kelp,0
Carmel Point,20210710,3,36.54392,121.93395,36.54382,121.93414,3,NA,0,2,0,0,SG,0
Carmel Point,20210710,3,36.54392,121.93395,36.54382,121.93414,3,NA,0,2,0,0,BR,0.5
Carmel Point,20210710,3,36.54392,121.93395,36.54382,121.93414,4,NA,0,0.5,2,0,Cr.NC,50
Carmel Point,20210710,3,36.54392,121.93395,36.54382,121.93414,4,NA,0,0.5,2,0,Cr.Cor,0
Carmel Point,20210710,3,36.54392,121.93395,36.54382,121.93414,4,NA,0,0.5,2,0,AC,0
Carmel Point,20210710,3,36.54392,121.93395,36.54382,121.93414,4,NA,0,0.5,2,0,Fila.,0
Carmel Point,20210710,3,36.54392,121.93395,36.54382,121.93414,4,NA,0,0.5,2,0,Cort.,0.5
Carmel Point,20210710,3,36.54392,121.93395,36.54382,121.93414,4,NA,0,0.5,2,0,Foliose,24
Carmel Point,20210710,3,36.54392,121.93395,36.54382,121.93414,4,NA,0,0.5,2,0,Leath.,90
Carmel Point,20210710,3,36.54392,121.93395,36.54382,121.93414,4,NA,0,0.5,2,0,Kelp,0
Carmel Point,20210710,3,36.54392,121.93395,36.54382,121.93414,4,NA,0,0.5,2,0,SG,0
Carmel Point,20210710,3,36.54392,121.93395,36.54382,121.93414,4,NA,0,0.5,2,0,BR,24
Carmel Point,20210710,3,36.54392,121.93395,36.54382,121.93414,5,NA,0,2,0.01,0,Cr.NC,80
Carmel Point,20210710,3,36.54392,121.93395,36.54382,121.93414,5,NA,0,2,0.01,0,Cr.Cor,0
Carmel Point,20210710,3,36.54392,121.93395,36.54382,121.93414,5,NA,0,2,0.01,0,AC,0
Carmel Point,20210710,3,36.54392,121.93395,36.54382,121.93414,5,NA,0,2,0.01,0,Fila.,0
Carmel Point,20210710,3,36.54392,121.93395,36.54382,121.93414,5,NA,0,2,0.01,0,Cort.,8.5
Carmel Point,20210710,3,36.54392,121.93395,36.54382,121.93414,5,NA,0,2,0.01,0,Foliose,36.5
Carmel Point,20210710,3,36.54392,121.93395,36.54382,121.93414,5,NA,0,2,0.01,0,Leath.,98
Carmel Point,20210710,3,36.54392,121.93395,36.54382,121.93414,5,NA,0,2,0.01,0,Kelp,0
Carmel Point,20210710,3,36.54392,121.93395,36.54382,121.93414,5,NA,0,2,0.01,0,SG,0
Carmel Point,20210710,3,36.54392,121.93395,36.54382,121.93414,5,NA,0,2,0.01,0,BR,0.05
Cannery Row,20210626,4,36.61407,121.89777,36.61425,121.89784,1,NA,NA,NA,NA,NA,Cr.NC,NA
Cannery Row,20210626,4,36.61407,121.89777,36.61425,121.89784,1,NA,NA,NA,NA,NA,Cr.Cor,NA
Cannery Row,20210626,4,36.61407,121.89777,36.61425,121.89784,1,NA,NA,NA,NA,NA,AC,NA
Cannery Row,20210626,4,36.61407,121.89777,36.61425,121.89784,1,NA,NA,NA,NA,NA,Fila.,NA
Cannery Row,20210626,4,36.61407,121.89777,36.61425,121.89784,1,NA,NA,NA,NA,NA,Cort.,NA
Cannery Row,20210626,4,36.61407,121.89777,36.61425,121.89784,1,NA,NA,NA,NA,NA,Foliose,NA
Cannery Row,20210626,4,36.61407,121.89777,36.61425,121.89784,1,NA,NA,NA,NA,NA,Leath.,NA
Cannery Row,20210626,4,36.61407,121.89777,36.61425,121.89784,1,NA,NA,NA,NA,NA,Kelp,NA
Cannery Row,20210626,4,36.61407,121.89777,36.61425,121.89784,1,NA,NA,NA,NA,NA,SG,NA
Cannery Row,20210626,4,36.61407,121.89777,36.61425,121.89784,1,NA,NA,NA,NA,NA,BR,NA
Cannery Row,20210626,4,36.61407,121.89777,36.61425,121.89784,2,NA,0,3,2,0,Cr.NC,39
Cannery Row,20210626,4,36.61407,121.89777,36.61425,121.89784,2,NA,0,3,2,0,Cr.Cor,0
Cannery Row,20210626,4,36.61407,121.89777,36.61425,121.89784,2,NA,0,3,2,0,AC,2
Cannery Row,20210626,4,36.61407,121.89777,36.61425,121.89784,2,NA,0,3,2,0,Fila.,0
Cannery Row,20210626,4,36.61407,121.89777,36.61425,121.89784,2,NA,0,3,2,0,Cort.,16
Cannery Row,20210626,4,36.61407,121.89777,36.61425,121.89784,2,NA,0,3,2,0,Foliose,0
Cannery Row,20210626,4,36.61407,121.89777,36.61425,121.89784,2,NA,0,3,2,0,Leath.,41
Cannery Row,20210626,4,36.61407,121.89777,36.61425,121.89784,2,NA,0,3,2,0,Kelp,0
Cannery Row,20210626,4,36.61407,121.89777,36.61425,121.89784,2,NA,0,3,2,0,SG,0
Cannery Row,20210626,4,36.61407,121.89777,36.61425,121.89784,2,NA,0,3,2,0,BR,5
Cannery Row,20210626,4,36.61407,121.89777,36.61425,121.89784,3,NA,20,1,0,12,Cr.NC,6
Cannery Row,20210626,4,36.61407,121.89777,36.61425,121.89784,3,NA,20,1,0,12,Cr.Cor,0
Cannery Row,20210626,4,36.61407,121.89777,36.61425,121.89784,3,NA,20,1,0,12,AC,2
Cannery Row,20210626,4,36.61407,121.89777,36.61425,121.89784,3,NA,20,1,0,12,Fila.,0
Cannery Row,20210626,4,36.61407,121.89777,36.61425,121.89784,3,NA,20,1,0,12,Cort.,20
Cannery Row,20210626,4,36.61407,121.89777,36.61425,121.89784,3,NA,20,1,0,12,Foliose,0
Cannery Row,20210626,4,36.61407,121.89777,36.61425,121.89784,3,NA,20,1,0,12,Leath.,21
Cannery Row,20210626,4,36.61407,121.89777,36.61425,121.89784,3,NA,20,1,0,12,Kelp,0
Cannery Row,20210626,4,36.61407,121.89777,36.61425,121.89784,3,NA,20,1,0,12,SG,0
Cannery Row,20210626,4,36.61407,121.89777,36.61425,121.89784,3,NA,20,1,0,12,BR,18
Cannery Row,20210626,4,36.61407,121.89777,36.61425,121.89784,4,NA,56,2,7,0,Cr.NC,2
Cannery Row,20210626,4,36.61407,121.89777,36.61425,121.89784,4,NA,56,2,7,0,Cr.Cor,0
Cannery Row,20210626,4,36.61407,121.89777,36.61425,121.89784,4,NA,56,2,7,0,AC,0
Cannery Row,20210626,4,36.61407,121.89777,36.61425,121.89784,4,NA,56,2,7,0,Fila.,0
Cannery Row,20210626,4,36.61407,121.89777,36.61425,121.89784,4,NA,56,2,7,0,Cort.,33
Cannery Row,20210626,4,36.61407,121.89777,36.61425,121.89784,4,NA,56,2,7,0,Foliose,0.5
Cannery Row,20210626,4,36.61407,121.89777,36.61425,121.89784,4,NA,56,2,7,0,Leath.,10
Cannery Row,20210626,4,36.61407,121.89777,36.61425,121.89784,4,NA,56,2,7,0,Kelp,0
Cannery Row,20210626,4,36.61407,121.89777,36.61425,121.89784,4,NA,56,2,7,0,SG,0
Cannery Row,20210626,4,36.61407,121.89777,36.61425,121.89784,4,NA,56,2,7,0,BR,10
Cannery Row,20210626,4,36.61407,121.89777,36.61425,121.89784,5,NA,26,12,0,0,Cr.NC,13
Cannery Row,20210626,4,36.61407,121.89777,36.61425,121.89784,5,NA,26,12,0,0,Cr.Cor,4
Cannery Row,20210626,4,36.61407,121.89777,36.61425,121.89784,5,NA,26,12,0,0,AC,15
Cannery Row,20210626,4,36.61407,121.89777,36.61425,121.89784,5,NA,26,12,0,0,Fila.,0.5
Cannery Row,20210626,4,36.61407,121.89777,36.61425,121.89784,5,NA,26,12,0,0,Cort.,0
Cannery Row,20210626,4,36.61407,121.89777,36.61425,121.89784,5,NA,26,12,0,0,Foliose,0
Cannery Row,20210626,4,36.61407,121.89777,36.61425,121.89784,5,NA,26,12,0,0,Leath.,24
Cannery Row,20210626,4,36.61407,121.89777,36.61425,121.89784,5,NA,26,12,0,0,Kelp,0
Cannery Row,20210626,4,36.61407,121.89777,36.61425,121.89784,5,NA,26,12,0,0,SG,0
Cannery Row,20210626,4,36.61407,121.89777,36.61425,121.89784,5,NA,26,12,0,0,BR,25
Pescadero Point,20210726,6,36.56093,121.95362,36.56085,121.95341,1,Land,1,1,20,0,Cr.NC,21
Pescadero Point,20210726,6,36.56093,121.95362,36.56085,121.95341,1,Land,1,1,20,0,Cr.Cor,10
Pescadero Point,20210726,6,36.56093,121.95362,36.56085,121.95341,1,Land,1,1,20,0,AC,5
Pescadero Point,20210726,6,36.56093,121.95362,36.56085,121.95341,1,Land,1,1,20,0,Fila.,1
Pescadero Point,20210726,6,36.56093,121.95362,36.56085,121.95341,1,Land,1,1,20,0,Cort.,4
Pescadero Point,20210726,6,36.56093,121.95362,36.56085,121.95341,1,Land,1,1,20,0,Foliose,15
Pescadero Point,20210726,6,36.56093,121.95362,36.56085,121.95341,1,Land,1,1,20,0,Leath.,8
Pescadero Point,20210726,6,36.56093,121.95362,36.56085,121.95341,1,Land,1,1,20,0,Kelp,0
Pescadero Point,20210726,6,36.56093,121.95362,36.56085,121.95341,1,Land,1,1,20,0,SG,0
Pescadero Point,20210726,6,36.56093,121.95362,36.56085,121.95341,1,Land,1,1,20,0,BR,42
Pescadero Point,20210726,6,36.56093,121.95362,36.56085,121.95341,2,Sea,7,1,10,0,Cr.NC,5
Pescadero Point,20210726,6,36.56093,121.95362,36.56085,121.95341,2,Sea,7,1,10,0,Cr.Cor,0
Pescadero Point,20210726,6,36.56093,121.95362,36.56085,121.95341,2,Sea,7,1,10,0,AC,1
Pescadero Point,20210726,6,36.56093,121.95362,36.56085,121.95341,2,Sea,7,1,10,0,Fila.,0
Pescadero Point,20210726,6,36.56093,121.95362,36.56085,121.95341,2,Sea,7,1,10,0,Cort.,1
Pescadero Point,20210726,6,36.56093,121.95362,36.56085,121.95341,2,Sea,7,1,10,0,Foliose,1
Pescadero Point,20210726,6,36.56093,121.95362,36.56085,121.95341,2,Sea,7,1,10,0,Leath.,6
Pescadero Point,20210726,6,36.56093,121.95362,36.56085,121.95341,2,Sea,7,1,10,0,Kelp,0
Pescadero Point,20210726,6,36.56093,121.95362,36.56085,121.95341,2,Sea,7,1,10,0,SG,0
Pescadero Point,20210726,6,36.56093,121.95362,36.56085,121.95341,2,Sea,7,1,10,0,BR,95
Pescadero Point,20210726,6,36.56093,121.95362,36.56085,121.95341,3,Sea,5,1,0,1,Cr.NC,20
Pescadero Point,20210726,6,36.56093,121.95362,36.56085,121.95341,3,Sea,5,1,0,1,Cr.Cor,32
Pescadero Point,20210726,6,36.56093,121.95362,36.56085,121.95341,3,Sea,5,1,0,1,AC,12
Pescadero Point,20210726,6,36.56093,121.95362,36.56085,121.95341,3,Sea,5,1,0,1,Fila.,0
Pescadero Point,20210726,6,36.56093,121.95362,36.56085,121.95341,3,Sea,5,1,0,1,Cort.,0
Pescadero Point,20210726,6,36.56093,121.95362,36.56085,121.95341,3,Sea,5,1,0,1,Foliose,1
Pescadero Point,20210726,6,36.56093,121.95362,36.56085,121.95341,3,Sea,5,1,0,1,Leath.,5
Pescadero Point,20210726,6,36.56093,121.95362,36.56085,121.95341,3,Sea,5,1,0,1,Kelp,80
Pescadero Point,20210726,6,36.56093,121.95362,36.56085,121.95341,3,Sea,5,1,0,1,SG,0
Pescadero Point,20210726,6,36.56093,121.95362,36.56085,121.95341,3,Sea,5,1,0,1,BR,7
Pescadero Point,20210726,6,36.56093,121.95362,36.56085,121.95341,4,Land,13,0,7,0,Cr.NC,42
Pescadero Point,20210726,6,36.56093,121.95362,36.56085,121.95341,4,Land,13,0,7,0,Cr.Cor,10
Pescadero Point,20210726,6,36.56093,121.95362,36.56085,121.95341,4,Land,13,0,7,0,AC,4
Pescadero Point,20210726,6,36.56093,121.95362,36.56085,121.95341,4,Land,13,0,7,0,Fila.,0
Pescadero Point,20210726,6,36.56093,121.95362,36.56085,121.95341,4,Land,13,0,7,0,Cort.,8
Pescadero Point,20210726,6,36.56093,121.95362,36.56085,121.95341,4,Land,13,0,7,0,Foliose,1
Pescadero Point,20210726,6,36.56093,121.95362,36.56085,121.95341,4,Land,13,0,7,0,Leath.,5
Pescadero Point,20210726,6,36.56093,121.95362,36.56085,121.95341,4,Land,13,0,7,0,Kelp,10
Pescadero Point,20210726,6,36.56093,121.95362,36.56085,121.95341,4,Land,13,0,7,0,SG,0
Pescadero Point,20210726,6,36.56093,121.95362,36.56085,121.95341,4,Land,13,0,7,0,BR,57
Pescadero Point,20210726,6,36.56093,121.95362,36.56085,121.95341,5,Sea,0,6,1,0,Cr.NC,13
Pescadero Point,20210726,6,36.56093,121.95362,36.56085,121.95341,5,Sea,0,6,1,0,Cr.Cor,25
Pescadero Point,20210726,6,36.56093,121.95362,36.56085,121.95341,5,Sea,0,6,1,0,AC,20
Pescadero Point,20210726,6,36.56093,121.95362,36.56085,121.95341,5,Sea,0,6,1,0,Fila.,0
Pescadero Point,20210726,6,36.56093,121.95362,36.56085,121.95341,5,Sea,0,6,1,0,Cort.,2
Pescadero Point,20210726,6,36.56093,121.95362,36.56085,121.95341,5,Sea,0,6,1,0,Foliose,2
Pescadero Point,20210726,6,36.56093,121.95362,36.56085,121.95341,5,Sea,0,6,1,0,Leath.,1
Pescadero Point,20210726,6,36.56093,121.95362,36.56085,121.95341,5,Sea,0,6,1,0,Kelp,18
Pescadero Point,20210726,6,36.56093,121.95362,36.56085,121.95341,5,Sea,0,6,1,0,SG,0
Pescadero Point,20210726,6,36.56093,121.95362,36.56085,121.95341,5,Sea,0,6,1,0,BR,60
Pescadero Point,20210725,3,36.5613,121.95453,36.56121,121.95436,1,NA,2,0,35,1,Cr.NC,15
Pescadero Point,20210725,3,36.5613,121.95453,36.56121,121.95436,1,NA,2,0,35,1,Cr.Cor,12
Pescadero Point,20210725,3,36.5613,121.95453,36.56121,121.95436,1,NA,2,0,35,1,AC,8
Pescadero Point,20210725,3,36.5613,121.95453,36.56121,121.95436,1,NA,2,0,35,1,Fila.,0
Pescadero Point,20210725,3,36.5613,121.95453,36.56121,121.95436,1,NA,2,0,35,1,Cort.,8
Pescadero Point,20210725,3,36.5613,121.95453,36.56121,121.95436,1,NA,2,0,35,1,Foliose,0
Pescadero Point,20210725,3,36.5613,121.95453,36.56121,121.95436,1,NA,2,0,35,1,Leath.,4
Pescadero Point,20210725,3,36.5613,121.95453,36.56121,121.95436,1,NA,2,0,35,1,Kelp,10
Pescadero Point,20210725,3,36.5613,121.95453,36.56121,121.95436,1,NA,2,0,35,1,SG,0
Pescadero Point,20210725,3,36.5613,121.95453,36.56121,121.95436,1,NA,2,0,35,1,BR,50
Pescadero Point,20210725,3,36.5613,121.95453,36.56121,121.95436,2,NA,0,5,0,0,Cr.NC,25
Pescadero Point,20210725,3,36.5613,121.95453,36.56121,121.95436,2,NA,0,5,0,0,Cr.Cor,30
Pescadero Point,20210725,3,36.5613,121.95453,36.56121,121.95436,2,NA,0,5,0,0,AC,12
Pescadero Point,20210725,3,36.5613,121.95453,36.56121,121.95436,2,NA,0,5,0,0,Fila.,0
Pescadero Point,20210725,3,36.5613,121.95453,36.56121,121.95436,2,NA,0,5,0,0,Cort.,1
Pescadero Point,20210725,3,36.5613,121.95453,36.56121,121.95436,2,NA,0,5,0,0,Foliose,0
Pescadero Point,20210725,3,36.5613,121.95453,36.56121,121.95436,2,NA,0,5,0,0,Leath.,0
Pescadero Point,20210725,3,36.5613,121.95453,36.56121,121.95436,2,NA,0,5,0,0,Kelp,0
Pescadero Point,20210725,3,36.5613,121.95453,36.56121,121.95436,2,NA,0,5,0,0,SG,0
Pescadero Point,20210725,3,36.5613,121.95453,36.56121,121.95436,2,NA,0,5,0,0,BR,60
Pescadero Point,20210725,3,36.5613,121.95453,36.56121,121.95436,3,NA,0,30,0,0,Cr.NC,8
Pescadero Point,20210725,3,36.5613,121.95453,36.56121,121.95436,3,NA,0,30,0,0,Cr.Cor,10
Pescadero Point,20210725,3,36.5613,121.95453,36.56121,121.95436,3,NA,0,30,0,0,AC,6
Pescadero Point,20210725,3,36.5613,121.95453,36.56121,121.95436,3,NA,0,30,0,0,Fila.,0
Pescadero Point,20210725,3,36.5613,121.95453,36.56121,121.95436,3,NA,0,30,0,0,Cort.,0
Pescadero Point,20210725,3,36.5613,121.95453,36.56121,121.95436,3,NA,0,30,0,0,Foliose,0
Pescadero Point,20210725,3,36.5613,121.95453,36.56121,121.95436,3,NA,0,30,0,0,Leath.,0
Pescadero Point,20210725,3,36.5613,121.95453,36.56121,121.95436,3,NA,0,30,0,0,Kelp,0
Pescadero Point,20210725,3,36.5613,121.95453,36.56121,121.95436,3,NA,0,30,0,0,SG,0
Pescadero Point,20210725,3,36.5613,121.95453,36.56121,121.95436,3,NA,0,30,0,0,BR,55
Pescadero Point,20210725,3,36.5613,121.95453,36.56121,121.95436,4,NA,0,8,0,0,Cr.NC,10
Pescadero Point,20210725,3,36.5613,121.95453,36.56121,121.95436,4,NA,0,8,0,0,Cr.Cor,10
Pescadero Point,20210725,3,36.5613,121.95453,36.56121,121.95436,4,NA,0,8,0,0,AC,5
Pescadero Point,20210725,3,36.5613,121.95453,36.56121,121.95436,4,NA,0,8,0,0,Fila.,0
Pescadero Point,20210725,3,36.5613,121.95453,36.56121,121.95436,4,NA,0,8,0,0,Cort.,0
Pescadero Point,20210725,3,36.5613,121.95453,36.56121,121.95436,4,NA,0,8,0,0,Foliose,0
Pescadero Point,20210725,3,36.5613,121.95453,36.56121,121.95436,4,NA,0,8,0,0,Leath.,0
Pescadero Point,20210725,3,36.5613,121.95453,36.56121,121.95436,4,NA,0,8,0,0,Kelp,0
Pescadero Point,20210725,3,36.5613,121.95453,36.56121,121.95436,4,NA,0,8,0,0,SG,0
Pescadero Point,20210725,3,36.5613,121.95453,36.56121,121.95436,4,NA,0,8,0,0,BR,95
Pescadero Point,20210725,3,36.5613,121.95453,36.56121,121.95436,5,NA,0,1,0,0,Cr.NC,0
Pescadero Point,20210725,3,36.5613,121.95453,36.56121,121.95436,5,NA,0,1,0,0,Cr.Cor,5
Pescadero Point,20210725,3,36.5613,121.95453,36.56121,121.95436,5,NA,0,1,0,0,AC,3
Pescadero Point,20210725,3,36.5613,121.95453,36.56121,121.95436,5,NA,0,1,0,0,Fila.,0
Pescadero Point,20210725,3,36.5613,121.95453,36.56121,121.95436,5,NA,0,1,0,0,Cort.,0
Pescadero Point,20210725,3,36.5613,121.95453,36.56121,121.95436,5,NA,0,1,0,0,Foliose,0
Pescadero Point,20210725,3,36.5613,121.95453,36.56121,121.95436,5,NA,0,1,0,0,Leath.,0
Pescadero Point,20210725,3,36.5613,121.95453,36.56121,121.95436,5,NA,0,1,0,0,Kelp,0
Pescadero Point,20210725,3,36.5613,121.95453,36.56121,121.95436,5,NA,0,1,0,0,SG,0
Pescadero Point,20210725,3,36.5613,121.95453,36.56121,121.95436,5,NA,0,1,0,0,BR,95
Hopkins,20210723,4,36.62126,121.90327,36.62138,121.90343,1,Land,0,1,0,0,Cr.NC,62
Hopkins,20210723,4,36.62126,121.90327,36.62138,121.90343,1,Land,0,1,0,0,Cr.Cor,0
Hopkins,20210723,4,36.62126,121.90327,36.62138,121.90343,1,Land,0,1,0,0,AC,1
Hopkins,20210723,4,36.62126,121.90327,36.62138,121.90343,1,Land,0,1,0,0,Fila.,1
Hopkins,20210723,4,36.62126,121.90327,36.62138,121.90343,1,Land,0,1,0,0,Cort.,22
Hopkins,20210723,4,36.62126,121.90327,36.62138,121.90343,1,Land,0,1,0,0,Foliose,0
Hopkins,20210723,4,36.62126,121.90327,36.62138,121.90343,1,Land,0,1,0,0,Leath.,20
Hopkins,20210723,4,36.62126,121.90327,36.62138,121.90343,1,Land,0,1,0,0,Kelp,0
Hopkins,20210723,4,36.62126,121.90327,36.62138,121.90343,1,Land,0,1,0,0,SG,0
Hopkins,20210723,4,36.62126,121.90327,36.62138,121.90343,1,Land,0,1,0,0,BR,25
Hopkins,20210723,4,36.62126,121.90327,36.62138,121.90343,2,Sea,0,2,0,0,Cr.NC,32
Hopkins,20210723,4,36.62126,121.90327,36.62138,121.90343,2,Sea,0,2,0,0,Cr.Cor,0
Hopkins,20210723,4,36.62126,121.90327,36.62138,121.90343,2,Sea,0,2,0,0,AC,0
Hopkins,20210723,4,36.62126,121.90327,36.62138,121.90343,2,Sea,0,2,0,0,Fila.,0
Hopkins,20210723,4,36.62126,121.90327,36.62138,121.90343,2,Sea,0,2,0,0,Cort.,5
Hopkins,20210723,4,36.62126,121.90327,36.62138,121.90343,2,Sea,0,2,0,0,Foliose,2
Hopkins,20210723,4,36.62126,121.90327,36.62138,121.90343,2,Sea,0,2,0,0,Leath.,62
Hopkins,20210723,4,36.62126,121.90327,36.62138,121.90343,2,Sea,0,2,0,0,Kelp,0
Hopkins,20210723,4,36.62126,121.90327,36.62138,121.90343,2,Sea,0,2,0,0,SG,0
Hopkins,20210723,4,36.62126,121.90327,36.62138,121.90343,2,Sea,0,2,0,0,BR,40
Hopkins,20210723,4,36.62126,121.90327,36.62138,121.90343,3,Land,0,9,0,0,Cr.NC,30
Hopkins,20210723,4,36.62126,121.90327,36.62138,121.90343,3,Land,0,9,0,0,Cr.Cor,6
Hopkins,20210723,4,36.62126,121.90327,36.62138,121.90343,3,Land,0,9,0,0,AC,3
Hopkins,20210723,4,36.62126,121.90327,36.62138,121.90343,3,Land,0,9,0,0,Fila.,0
Hopkins,20210723,4,36.62126,121.90327,36.62138,121.90343,3,Land,0,9,0,0,Cort.,18
Hopkins,20210723,4,36.62126,121.90327,36.62138,121.90343,3,Land,0,9,0,0,Foliose,0
Hopkins,20210723,4,36.62126,121.90327,36.62138,121.90343,3,Land,0,9,0,0,Leath.,30
Hopkins,20210723,4,36.62126,121.90327,36.62138,121.90343,3,Land,0,9,0,0,Kelp,0
Hopkins,20210723,4,36.62126,121.90327,36.62138,121.90343,3,Land,0,9,0,0,SG,0
Hopkins,20210723,4,36.62126,121.90327,36.62138,121.90343,3,Land,0,9,0,0,BR,20
Hopkins,20210723,4,36.62126,121.90327,36.62138,121.90343,4,Land,0,1,0,1,Cr.NC,15
Hopkins,20210723,4,36.62126,121.90327,36.62138,121.90343,4,Land,0,1,0,1,Cr.Cor,0
Hopkins,20210723,4,36.62126,121.90327,36.62138,121.90343,4,Land,0,1,0,1,AC,0
Hopkins,20210723,4,36.62126,121.90327,36.62138,121.90343,4,Land,0,1,0,1,Fila.,0
Hopkins,20210723,4,36.62126,121.90327,36.62138,121.90343,4,Land,0,1,0,1,Cort.,38
Hopkins,20210723,4,36.62126,121.90327,36.62138,121.90343,4,Land,0,1,0,1,Foliose,0
Hopkins,20210723,4,36.62126,121.90327,36.62138,121.90343,4,Land,0,1,0,1,Leath.,48
Hopkins,20210723,4,36.62126,121.90327,36.62138,121.90343,4,Land,0,1,0,1,Kelp,0
Hopkins,20210723,4,36.62126,121.90327,36.62138,121.90343,4,Land,0,1,0,1,SG,0
Hopkins,20210723,4,36.62126,121.90327,36.62138,121.90343,4,Land,0,1,0,1,BR,3
Hopkins,20210723,4,36.62126,121.90327,36.62138,121.90343,5,Sea,0,4,0,0,Cr.NC,32
Hopkins,20210723,4,36.62126,121.90327,36.62138,121.90343,5,Sea,0,4,0,0,Cr.Cor,0
Hopkins,20210723,4,36.62126,121.90327,36.62138,121.90343,5,Sea,0,4,0,0,AC,0
Hopkins,20210723,4,36.62126,121.90327,36.62138,121.90343,5,Sea,0,4,0,0,Fila.,0
Hopkins,20210723,4,36.62126,121.90327,36.62138,121.90343,5,Sea,0,4,0,0,Cort.,25
Hopkins,20210723,4,36.62126,121.90327,36.62138,121.90343,5,Sea,0,4,0,0,Foliose,0
Hopkins,20210723,4,36.62126,121.90327,36.62138,121.90343,5,Sea,0,4,0,0,Leath.,34
Hopkins,20210723,4,36.62126,121.90327,36.62138,121.90343,5,Sea,0,4,0,0,Kelp,0
Hopkins,20210723,4,36.62126,121.90327,36.62138,121.90343,5,Sea,0,4,0,0,SG,3
Hopkins,20210723,4,36.62126,121.90327,36.62138,121.90343,5,Sea,0,4,0,0,BR,13
Pescadero Point,20210726,5,36.56099,121.95384,36.56093,121.95366,1,Land,1,3,2,5,Cr.NC,2
Pescadero Point,20210726,5,36.56099,121.95384,36.56093,121.95366,1,Land,1,3,2,5,Cr.Cor,9
Pescadero Point,20210726,5,36.56099,121.95384,36.56093,121.95366,1,Land,1,3,2,5,AC,3
Pescadero Point,20210726,5,36.56099,121.95384,36.56093,121.95366,1,Land,1,3,2,5,Fila.,0
Pescadero Point,20210726,5,36.56099,121.95384,36.56093,121.95366,1,Land,1,3,2,5,Cort.,0
Pescadero Point,20210726,5,36.56099,121.95384,36.56093,121.95366,1,Land,1,3,2,5,Foliose,1
Pescadero Point,20210726,5,36.56099,121.95384,36.56093,121.95366,1,Land,1,3,2,5,Leath.,0
Pescadero Point,20210726,5,36.56099,121.95384,36.56093,121.95366,1,Land,1,3,2,5,Kelp,0
Pescadero Point,20210726,5,36.56099,121.95384,36.56093,121.95366,1,Land,1,3,2,5,SG,0
Pescadero Point,20210726,5,36.56099,121.95384,36.56093,121.95366,1,Land,1,3,2,5,BR,94
Pescadero Point,20210726,5,36.56099,121.95384,36.56093,121.95366,2,Sea,0,1,4,3,Cr.NC,5
Pescadero Point,20210726,5,36.56099,121.95384,36.56093,121.95366,2,Sea,0,1,4,3,Cr.Cor,6
Pescadero Point,20210726,5,36.56099,121.95384,36.56093,121.95366,2,Sea,0,1,4,3,AC,1
Pescadero Point,20210726,5,36.56099,121.95384,36.56093,121.95366,2,Sea,0,1,4,3,Fila.,0
Pescadero Point,20210726,5,36.56099,121.95384,36.56093,121.95366,2,Sea,0,1,4,3,Cort.,0
Pescadero Point,20210726,5,36.56099,121.95384,36.56093,121.95366,2,Sea,0,1,4,3,Foliose,8
Pescadero Point,20210726,5,36.56099,121.95384,36.56093,121.95366,2,Sea,0,1,4,3,Leath.,0
Pescadero Point,20210726,5,36.56099,121.95384,36.56093,121.95366,2,Sea,0,1,4,3,Kelp,0
Pescadero Point,20210726,5,36.56099,121.95384,36.56093,121.95366,2,Sea,0,1,4,3,SG,0
Pescadero Point,20210726,5,36.56099,121.95384,36.56093,121.95366,2,Sea,0,1,4,3,BR,80
Pescadero Point,20210726,5,36.56099,121.95384,36.56093,121.95366,3,Land,0,1,4,2,Cr.NC,2
Pescadero Point,20210726,5,36.56099,121.95384,36.56093,121.95366,3,Land,0,1,4,2,Cr.Cor,11
Pescadero Point,20210726,5,36.56099,121.95384,36.56093,121.95366,3,Land,0,1,4,2,AC,1
Pescadero Point,20210726,5,36.56099,121.95384,36.56093,121.95366,3,Land,0,1,4,2,Fila.,0
Pescadero Point,20210726,5,36.56099,121.95384,36.56093,121.95366,3,Land,0,1,4,2,Cort.,0
Pescadero Point,20210726,5,36.56099,121.95384,36.56093,121.95366,3,Land,0,1,4,2,Foliose,0
Pescadero Point,20210726,5,36.56099,121.95384,36.56093,121.95366,3,Land,0,1,4,2,Leath.,0
Pescadero Point,20210726,5,36.56099,121.95384,36.56093,121.95366,3,Land,0,1,4,2,Kelp,0
Pescadero Point,20210726,5,36.56099,121.95384,36.56093,121.95366,3,Land,0,1,4,2,SG,0
Pescadero Point,20210726,5,36.56099,121.95384,36.56093,121.95366,3,Land,0,1,4,2,BR,86
Pescadero Point,20210726,5,36.56099,121.95384,36.56093,121.95366,4,Sea,29,2,1,4,Cr.NC,22
Pescadero Point,20210726,5,36.56099,121.95384,36.56093,121.95366,4,Sea,29,2,1,4,Cr.Cor,14
Pescadero Point,20210726,5,36.56099,121.95384,36.56093,121.95366,4,Sea,29,2,1,4,AC,4
Pescadero Point,20210726,5,36.56099,121.95384,36.56093,121.95366,4,Sea,29,2,1,4,Fila.,0
Pescadero Point,20210726,5,36.56099,121.95384,36.56093,121.95366,4,Sea,29,2,1,4,Cort.,15
Pescadero Point,20210726,5,36.56099,121.95384,36.56093,121.95366,4,Sea,29,2,1,4,Foliose,10
Pescadero Point,20210726,5,36.56099,121.95384,36.56093,121.95366,4,Sea,29,2,1,4,Leath.,8
Pescadero Point,20210726,5,36.56099,121.95384,36.56093,121.95366,4,Sea,29,2,1,4,Kelp,24
Pescadero Point,20210726,5,36.56099,121.95384,36.56093,121.95366,4,Sea,29,2,1,4,SG,0
Pescadero Point,20210726,5,36.56099,121.95384,36.56093,121.95366,4,Sea,29,2,1,4,BR,11
Pescadero Point,20210726,5,36.56099,121.95384,36.56093,121.95366,5,Land,0,0,0,0,Cr.NC,43
Pescadero Point,20210726,5,36.56099,121.95384,36.56093,121.95366,5,Land,0,0,0,0,Cr.Cor,12
Pescadero Point,20210726,5,36.56099,121.95384,36.56093,121.95366,5,Land,0,0,0,0,AC,1
Pescadero Point,20210726,5,36.56099,121.95384,36.56093,121.95366,5,Land,0,0,0,0,Fila.,0
Pescadero Point,20210726,5,36.56099,121.95384,36.56093,121.95366,5,Land,0,0,0,0,Cort.,2
Pescadero Point,20210726,5,36.56099,121.95384,36.56093,121.95366,5,Land,0,0,0,0,Foliose,9
Pescadero Point,20210726,5,36.56099,121.95384,36.56093,121.95366,5,Land,0,0,0,0,Leath.,3
Pescadero Point,20210726,5,36.56099,121.95384,36.56093,121.95366,5,Land,0,0,0,0,Kelp,22
Pescadero Point,20210726,5,36.56099,121.95384,36.56093,121.95366,5,Land,0,0,0,0,SG,0
Pescadero Point,20210726,5,36.56099,121.95384,36.56093,121.95366,5,Land,0,0,0,0,BR,8
Pescadero Point,20210726,4,36.56119,121.95417,36.56108,121.95408,1,Sea,0,0,7,0,Cr.NC,35
Pescadero Point,20210726,4,36.56119,121.95417,36.56108,121.95408,1,Sea,0,0,7,0,Cr.Cor,5
Pescadero Point,20210726,4,36.56119,121.95417,36.56108,121.95408,1,Sea,0,0,7,0,AC,1
Pescadero Point,20210726,4,36.56119,121.95417,36.56108,121.95408,1,Sea,0,0,7,0,Fila.,0
Pescadero Point,20210726,4,36.56119,121.95417,36.56108,121.95408,1,Sea,0,0,7,0,Cort.,5
Pescadero Point,20210726,4,36.56119,121.95417,36.56108,121.95408,1,Sea,0,0,7,0,Foliose,5
Pescadero Point,20210726,4,36.56119,121.95417,36.56108,121.95408,1,Sea,0,0,7,0,Leath.,1
Pescadero Point,20210726,4,36.56119,121.95417,36.56108,121.95408,1,Sea,0,0,7,0,Kelp,0
Pescadero Point,20210726,4,36.56119,121.95417,36.56108,121.95408,1,Sea,0,0,7,0,SG,0
Pescadero Point,20210726,4,36.56119,121.95417,36.56108,121.95408,1,Sea,0,0,7,0,BR,34
Pescadero Point,20210726,4,36.56119,121.95417,36.56108,121.95408,2,Land,0,2,0,0,Cr.NC,19
Pescadero Point,20210726,4,36.56119,121.95417,36.56108,121.95408,2,Land,0,2,0,0,Cr.Cor,22
Pescadero Point,20210726,4,36.56119,121.95417,36.56108,121.95408,2,Land,0,2,0,0,AC,3
Pescadero Point,20210726,4,36.56119,121.95417,36.56108,121.95408,2,Land,0,2,0,0,Fila.,5
Pescadero Point,20210726,4,36.56119,121.95417,36.56108,121.95408,2,Land,0,2,0,0,Cort.,0
Pescadero Point,20210726,4,36.56119,121.95417,36.56108,121.95408,2,Land,0,2,0,0,Foliose,3
Pescadero Point,20210726,4,36.56119,121.95417,36.56108,121.95408,2,Land,0,2,0,0,Leath.,4
Pescadero Point,20210726,4,36.56119,121.95417,36.56108,121.95408,2,Land,0,2,0,0,Kelp,0
Pescadero Point,20210726,4,36.56119,121.95417,36.56108,121.95408,2,Land,0,2,0,0,SG,0
Pescadero Point,20210726,4,36.56119,121.95417,36.56108,121.95408,2,Land,0,2,0,0,BR,42
Pescadero Point,20210726,4,36.56119,121.95417,36.56108,121.95408,3,Sea,0,0,2,0,Cr.NC,32
Pescadero Point,20210726,4,36.56119,121.95417,36.56108,121.95408,3,Sea,0,0,2,0,Cr.Cor,4
Pescadero Point,20210726,4,36.56119,121.95417,36.56108,121.95408,3,Sea,0,0,2,0,AC,4
Pescadero Point,20210726,4,36.56119,121.95417,36.56108,121.95408,3,Sea,0,0,2,0,Fila.,0
Pescadero Point,20210726,4,36.56119,121.95417,36.56108,121.95408,3,Sea,0,0,2,0,Cort.,1
Pescadero Point,20210726,4,36.56119,121.95417,36.56108,121.95408,3,Sea,0,0,2,0,Foliose,1
Pescadero Point,20210726,4,36.56119,121.95417,36.56108,121.95408,3,Sea,0,0,2,0,Leath.,0
Pescadero Point,20210726,4,36.56119,121.95417,36.56108,121.95408,3,Sea,0,0,2,0,Kelp,7
Pescadero Point,20210726,4,36.56119,121.95417,36.56108,121.95408,3,Sea,0,0,2,0,SG,0
Pescadero Point,20210726,4,36.56119,121.95417,36.56108,121.95408,3,Sea,0,0,2,0,BR,47
Pescadero Point,20210726,4,36.56119,121.95417,36.56108,121.95408,4,Land,16,0,3,0,Cr.NC,42
Pescadero Point,20210726,4,36.56119,121.95417,36.56108,121.95408,4,Land,16,0,3,0,Cr.Cor,1
Pescadero Point,20210726,4,36.56119,121.95417,36.56108,121.95408,4,Land,16,0,3,0,AC,0
Pescadero Point,20210726,4,36.56119,121.95417,36.56108,121.95408,4,Land,16,0,3,0,Fila.,0
Pescadero Point,20210726,4,36.56119,121.95417,36.56108,121.95408,4,Land,16,0,3,0,Cort.,21
Pescadero Point,20210726,4,36.56119,121.95417,36.56108,121.95408,4,Land,16,0,3,0,Foliose,4
Pescadero Point,20210726,4,36.56119,121.95417,36.56108,121.95408,4,Land,16,0,3,0,Leath.,19
Pescadero Point,20210726,4,36.56119,121.95417,36.56108,121.95408,4,Land,16,0,3,0,Kelp,0
Pescadero Point,20210726,4,36.56119,121.95417,36.56108,121.95408,4,Land,16,0,3,0,SG,0
Pescadero Point,20210726,4,36.56119,121.95417,36.56108,121.95408,4,Land,16,0,3,0,BR,20
Pescadero Point,20210726,4,36.56119,121.95417,36.56108,121.95408,5,Sea,0,2,0,40,Cr.NC,5
Pescadero Point,20210726,4,36.56119,121.95417,36.56108,121.95408,5,Sea,0,2,0,40,Cr.Cor,20
Pescadero Point,20210726,4,36.56119,121.95417,36.56108,121.95408,5,Sea,0,2,0,40,AC,16
Pescadero Point,20210726,4,36.56119,121.95417,36.56108,121.95408,5,Sea,0,2,0,40,Fila.,0
Pescadero Point,20210726,4,36.56119,121.95417,36.56108,121.95408,5,Sea,0,2,0,40,Cort.,2
Pescadero Point,20210726,4,36.56119,121.95417,36.56108,121.95408,5,Sea,0,2,0,40,Foliose,0
Pescadero Point,20210726,4,36.56119,121.95417,36.56108,121.95408,5,Sea,0,2,0,40,Leath.,3
Pescadero Point,20210726,4,36.56119,121.95417,36.56108,121.95408,5,Sea,0,2,0,40,Kelp,4
Pescadero Point,20210726,4,36.56119,121.95417,36.56108,121.95408,5,Sea,0,2,0,40,SG,0
Pescadero Point,20210726,4,36.56119,121.95417,36.56108,121.95408,5,Sea,0,2,0,40,BR,17
Pescadero Point,20210725,2,36.56146,121.95471,36.561279999999996,121.95457,1,Land,0,0,0,0,Cr.NC,2
Pescadero Point,20210725,2,36.56146,121.95471,36.561279999999996,121.95457,1,Land,0,0,0,0,Cr.Cor,25
Pescadero Point,20210725,2,36.56146,121.95471,36.561279999999996,121.95457,1,Land,0,0,0,0,AC,3
Pescadero Point,20210725,2,36.56146,121.95471,36.561279999999996,121.95457,1,Land,0,0,0,0,Fila.,0
Pescadero Point,20210725,2,36.56146,121.95471,36.561279999999996,121.95457,1,Land,0,0,0,0,Cort.,4
Pescadero Point,20210725,2,36.56146,121.95471,36.561279999999996,121.95457,1,Land,0,0,0,0,Foliose,40
Pescadero Point,20210725,2,36.56146,121.95471,36.561279999999996,121.95457,1,Land,0,0,0,0,Leath.,10
Pescadero Point,20210725,2,36.56146,121.95471,36.561279999999996,121.95457,1,Land,0,0,0,0,Kelp,51
Pescadero Point,20210725,2,36.56146,121.95471,36.561279999999996,121.95457,1,Land,0,0,0,0,SG,0
Pescadero Point,20210725,2,36.56146,121.95471,36.561279999999996,121.95457,1,Land,0,0,0,0,BR,1
Pescadero Point,20210725,2,36.56146,121.95471,36.561279999999996,121.95457,2,Sea,2,0,0,0,Cr.NC,30
Pescadero Point,20210725,2,36.56146,121.95471,36.561279999999996,121.95457,2,Sea,2,0,0,0,Cr.Cor,12
Pescadero Point,20210725,2,36.56146,121.95471,36.561279999999996,121.95457,2,Sea,2,0,0,0,AC,12
Pescadero Point,20210725,2,36.56146,121.95471,36.561279999999996,121.95457,2,Sea,2,0,0,0,Fila.,0
Pescadero Point,20210725,2,36.56146,121.95471,36.561279999999996,121.95457,2,Sea,2,0,0,0,Cort.,4
Pescadero Point,20210725,2,36.56146,121.95471,36.561279999999996,121.95457,2,Sea,2,0,0,0,Foliose,30
Pescadero Point,20210725,2,36.56146,121.95471,36.561279999999996,121.95457,2,Sea,2,0,0,0,Leath.,2
Pescadero Point,20210725,2,36.56146,121.95471,36.561279999999996,121.95457,2,Sea,2,0,0,0,Kelp,8
Pescadero Point,20210725,2,36.56146,121.95471,36.561279999999996,121.95457,2,Sea,2,0,0,0,SG,0
Pescadero Point,20210725,2,36.56146,121.95471,36.561279999999996,121.95457,2,Sea,2,0,0,0,BR,17
Pescadero Point,20210725,2,36.56146,121.95471,36.561279999999996,121.95457,3,Land,0,0,2,0,Cr.NC,17
Pescadero Point,20210725,2,36.56146,121.95471,36.561279999999996,121.95457,3,Land,0,0,2,0,Cr.Cor,4
Pescadero Point,20210725,2,36.56146,121.95471,36.561279999999996,121.95457,3,Land,0,0,2,0,AC,1
Pescadero Point,20210725,2,36.56146,121.95471,36.561279999999996,121.95457,3,Land,0,0,2,0,Fila.,0
Pescadero Point,20210725,2,36.56146,121.95471,36.561279999999996,121.95457,3,Land,0,0,2,0,Cort.,3
Pescadero Point,20210725,2,36.56146,121.95471,36.561279999999996,121.95457,3,Land,0,0,2,0,Foliose,3
Pescadero Point,20210725,2,36.56146,121.95471,36.561279999999996,121.95457,3,Land,0,0,2,0,Leath.,5
Pescadero Point,20210725,2,36.56146,121.95471,36.561279999999996,121.95457,3,Land,0,0,2,0,Kelp,30
Pescadero Point,20210725,2,36.56146,121.95471,36.561279999999996,121.95457,3,Land,0,0,2,0,SG,0
Pescadero Point,20210725,2,36.56146,121.95471,36.561279999999996,121.95457,3,Land,0,0,2,0,BR,50
Pescadero Point,20210725,2,36.56146,121.95471,36.561279999999996,121.95457,4,Sea,0,0,0,3,Cr.NC,6
Pescadero Point,20210725,2,36.56146,121.95471,36.561279999999996,121.95457,4,Sea,0,0,0,3,Cr.Cor,25
Pescadero Point,20210725,2,36.56146,121.95471,36.561279999999996,121.95457,4,Sea,0,0,0,3,AC,15
Pescadero Point,20210725,2,36.56146,121.95471,36.561279999999996,121.95457,4,Sea,0,0,0,3,Fila.,0
Pescadero Point,20210725,2,36.56146,121.95471,36.561279999999996,121.95457,4,Sea,0,0,0,3,Cort.,1
Pescadero Point,20210725,2,36.56146,121.95471,36.561279999999996,121.95457,4,Sea,0,0,0,3,Foliose,4
Pescadero Point,20210725,2,36.56146,121.95471,36.561279999999996,121.95457,4,Sea,0,0,0,3,Leath.,1
Pescadero Point,20210725,2,36.56146,121.95471,36.561279999999996,121.95457,4,Sea,0,0,0,3,Kelp,16
Pescadero Point,20210725,2,36.56146,121.95471,36.561279999999996,121.95457,4,Sea,0,0,0,3,SG,0
Pescadero Point,20210725,2,36.56146,121.95471,36.561279999999996,121.95457,4,Sea,0,0,0,3,BR,40
Pescadero Point,20210725,2,36.56146,121.95471,36.561279999999996,121.95457,5,Land,20,1,3,2,Cr.NC,50
Pescadero Point,20210725,2,36.56146,121.95471,36.561279999999996,121.95457,5,Land,20,1,3,2,Cr.Cor,0
Pescadero Point,20210725,2,36.56146,121.95471,36.561279999999996,121.95457,5,Land,20,1,3,2,AC,10
Pescadero Point,20210725,2,36.56146,121.95471,36.561279999999996,121.95457,5,Land,20,1,3,2,Fila.,0
Pescadero Point,20210725,2,36.56146,121.95471,36.561279999999996,121.95457,5,Land,20,1,3,2,Cort.,1
Pescadero Point,20210725,2,36.56146,121.95471,36.561279999999996,121.95457,5,Land,20,1,3,2,Foliose,4
Pescadero Point,20210725,2,36.56146,121.95471,36.561279999999996,121.95457,5,Land,20,1,3,2,Leath.,5
Pescadero Point,20210725,2,36.56146,121.95471,36.561279999999996,121.95457,5,Land,20,1,3,2,Kelp,22
Pescadero Point,20210725,2,36.56146,121.95471,36.561279999999996,121.95457,5,Land,20,1,3,2,SG,0
Pescadero Point,20210725,2,36.56146,121.95471,36.561279999999996,121.95457,5,Land,20,1,3,2,BR,3
Pescadero Point,20210725,1,36.56144,121.95501,36.56148,121.95477,1,Sea,0,0,0,0,Cr.NC,44
Pescadero Point,20210725,1,36.56144,121.95501,36.56148,121.95477,1,Sea,0,0,0,0,Cr.Cor,12
Pescadero Point,20210725,1,36.56144,121.95501,36.56148,121.95477,1,Sea,0,0,0,0,AC,11
Pescadero Point,20210725,1,36.56144,121.95501,36.56148,121.95477,1,Sea,0,0,0,0,Fila.,1
Pescadero Point,20210725,1,36.56144,121.95501,36.56148,121.95477,1,Sea,0,0,0,0,Cort.,0
Pescadero Point,20210725,1,36.56144,121.95501,36.56148,121.95477,1,Sea,0,0,0,0,Foliose,6
Pescadero Point,20210725,1,36.56144,121.95501,36.56148,121.95477,1,Sea,0,0,0,0,Leath.,3
Pescadero Point,20210725,1,36.56144,121.95501,36.56148,121.95477,1,Sea,0,0,0,0,Kelp,0
Pescadero Point,20210725,1,36.56144,121.95501,36.56148,121.95477,1,Sea,0,0,0,0,SG,0
Pescadero Point,20210725,1,36.56144,121.95501,36.56148,121.95477,1,Sea,0,0,0,0,BR,28
Pescadero Point,20210725,1,36.56144,121.95501,36.56148,121.95477,2,NA,NA,NA,NA,NA,Cr.NC,NA
Pescadero Point,20210725,1,36.56144,121.95501,36.56148,121.95477,2,NA,NA,NA,NA,NA,Cr.Cor,NA
Pescadero Point,20210725,1,36.56144,121.95501,36.56148,121.95477,2,NA,NA,NA,NA,NA,AC,NA
Pescadero Point,20210725,1,36.56144,121.95501,36.56148,121.95477,2,NA,NA,NA,NA,NA,Fila.,NA
Pescadero Point,20210725,1,36.56144,121.95501,36.56148,121.95477,2,NA,NA,NA,NA,NA,Cort.,NA
Pescadero Point,20210725,1,36.56144,121.95501,36.56148,121.95477,2,NA,NA,NA,NA,NA,Foliose,NA
Pescadero Point,20210725,1,36.56144,121.95501,36.56148,121.95477,2,NA,NA,NA,NA,NA,Leath.,NA
Pescadero Point,20210725,1,36.56144,121.95501,36.56148,121.95477,2,NA,NA,NA,NA,NA,Kelp,NA
Pescadero Point,20210725,1,36.56144,121.95501,36.56148,121.95477,2,NA,NA,NA,NA,NA,SG,NA
Pescadero Point,20210725,1,36.56144,121.95501,36.56148,121.95477,2,NA,NA,NA,NA,NA,BR,NA
Pescadero Point,20210725,1,36.56144,121.95501,36.56148,121.95477,3,Sea,1,0,0,0,Cr.NC,31
Pescadero Point,20210725,1,36.56144,121.95501,36.56148,121.95477,3,Sea,1,0,0,0,Cr.Cor,27
Pescadero Point,20210725,1,36.56144,121.95501,36.56148,121.95477,3,Sea,1,0,0,0,AC,21
Pescadero Point,20210725,1,36.56144,121.95501,36.56148,121.95477,3,Sea,1,0,0,0,Fila.,0
Pescadero Point,20210725,1,36.56144,121.95501,36.56148,121.95477,3,Sea,1,0,0,0,Cort.,2
Pescadero Point,20210725,1,36.56144,121.95501,36.56148,121.95477,3,Sea,1,0,0,0,Foliose,1
Pescadero Point,20210725,1,36.56144,121.95501,36.56148,121.95477,3,Sea,1,0,0,0,Leath.,8
Pescadero Point,20210725,1,36.56144,121.95501,36.56148,121.95477,3,Sea,1,0,0,0,Kelp,0
Pescadero Point,20210725,1,36.56144,121.95501,36.56148,121.95477,3,Sea,1,0,0,0,SG,0
Pescadero Point,20210725,1,36.56144,121.95501,36.56148,121.95477,3,Sea,1,0,0,0,BR,23
Pescadero Point,20210725,1,36.56144,121.95501,36.56148,121.95477,4,Land,1,1,1,0,Cr.NC,20
Pescadero Point,20210725,1,36.56144,121.95501,36.56148,121.95477,4,Land,1,1,1,0,Cr.Cor,36
Pescadero Point,20210725,1,36.56144,121.95501,36.56148,121.95477,4,Land,1,1,1,0,AC,16
Pescadero Point,20210725,1,36.56144,121.95501,36.56148,121.95477,4,Land,1,1,1,0,Fila.,0
Pescadero Point,20210725,1,36.56144,121.95501,36.56148,121.95477,4,Land,1,1,1,0,Cort.,1
Pescadero Point,20210725,1,36.56144,121.95501,36.56148,121.95477,4,Land,1,1,1,0,Foliose,20
Pescadero Point,20210725,1,36.56144,121.95501,36.56148,121.95477,4,Land,1,1,1,0,Leath.,21
Pescadero Point,20210725,1,36.56144,121.95501,36.56148,121.95477,4,Land,1,1,1,0,Kelp,11
Pescadero Point,20210725,1,36.56144,121.95501,36.56148,121.95477,4,Land,1,1,1,0,SG,0
Pescadero Point,20210725,1,36.56144,121.95501,36.56148,121.95477,4,Land,1,1,1,0,BR,1
Pescadero Point,20210725,1,36.56144,121.95501,36.56148,121.95477,5,Sea,0,1,0,15,Cr.NC,6
Pescadero Point,20210725,1,36.56144,121.95501,36.56148,121.95477,5,Sea,0,1,0,15,Cr.Cor,15
Pescadero Point,20210725,1,36.56144,121.95501,36.56148,121.95477,5,Sea,0,1,0,15,AC,25
Pescadero Point,20210725,1,36.56144,121.95501,36.56148,121.95477,5,Sea,0,1,0,15,Fila.,0
Pescadero Point,20210725,1,36.56144,121.95501,36.56148,121.95477,5,Sea,0,1,0,15,Cort.,3
Pescadero Point,20210725,1,36.56144,121.95501,36.56148,121.95477,5,Sea,0,1,0,15,Foliose,4
Pescadero Point,20210725,1,36.56144,121.95501,36.56148,121.95477,5,Sea,0,1,0,15,Leath.,0
Pescadero Point,20210725,1,36.56144,121.95501,36.56148,121.95477,5,Sea,0,1,0,15,Kelp,16
Pescadero Point,20210725,1,36.56144,121.95501,36.56148,121.95477,5,Sea,0,1,0,15,SG,0
Pescadero Point,20210725,1,36.56144,121.95501,36.56148,121.95477,5,Sea,0,1,0,15,BR,6
Cannery Row,20210626,2,36.6138,121.89752,36.61392,121.89756,1,NA,25,8,0,8,Cr.NC,5
Cannery Row,20210626,2,36.6138,121.89752,36.61392,121.89756,1,NA,25,8,0,8,Cr.Cor,1
Cannery Row,20210626,2,36.6138,121.89752,36.61392,121.89756,1,NA,25,8,0,8,AC,0
Cannery Row,20210626,2,36.6138,121.89752,36.61392,121.89756,1,NA,25,8,0,8,Fila.,0
Cannery Row,20210626,2,36.6138,121.89752,36.61392,121.89756,1,NA,25,8,0,8,Cort.,20
Cannery Row,20210626,2,36.6138,121.89752,36.61392,121.89756,1,NA,25,8,0,8,Foliose,0
Cannery Row,20210626,2,36.6138,121.89752,36.61392,121.89756,1,NA,25,8,0,8,Leath.,8
Cannery Row,20210626,2,36.6138,121.89752,36.61392,121.89756,1,NA,25,8,0,8,Kelp,0
Cannery Row,20210626,2,36.6138,121.89752,36.61392,121.89756,1,NA,25,8,0,8,SG,0
Cannery Row,20210626,2,36.6138,121.89752,36.61392,121.89756,1,NA,25,8,0,8,BR,22
Cannery Row,20210626,2,36.6138,121.89752,36.61392,121.89756,2,NA,5,4,15,10,Cr.NC,11
Cannery Row,20210626,2,36.6138,121.89752,36.61392,121.89756,2,NA,5,4,15,10,Cr.Cor,4
Cannery Row,20210626,2,36.6138,121.89752,36.61392,121.89756,2,NA,5,4,15,10,AC,10
Cannery Row,20210626,2,36.6138,121.89752,36.61392,121.89756,2,NA,5,4,15,10,Fila.,0
Cannery Row,20210626,2,36.6138,121.89752,36.61392,121.89756,2,NA,5,4,15,10,Cort.,29
Cannery Row,20210626,2,36.6138,121.89752,36.61392,121.89756,2,NA,5,4,15,10,Foliose,0
Cannery Row,20210626,2,36.6138,121.89752,36.61392,121.89756,2,NA,5,4,15,10,Leath.,8
Cannery Row,20210626,2,36.6138,121.89752,36.61392,121.89756,2,NA,5,4,15,10,Kelp,0
Cannery Row,20210626,2,36.6138,121.89752,36.61392,121.89756,2,NA,5,4,15,10,SG,0
Cannery Row,20210626,2,36.6138,121.89752,36.61392,121.89756,2,NA,5,4,15,10,BR,19
Cannery Row,20210626,2,36.6138,121.89752,36.61392,121.89756,3,NA,1,4,0,0,Cr.NC,9
Cannery Row,20210626,2,36.6138,121.89752,36.61392,121.89756,3,NA,1,4,0,0,Cr.Cor,8
Cannery Row,20210626,2,36.6138,121.89752,36.61392,121.89756,3,NA,1,4,0,0,AC,1
Cannery Row,20210626,2,36.6138,121.89752,36.61392,121.89756,3,NA,1,4,0,0,Fila.,0
Cannery Row,20210626,2,36.6138,121.89752,36.61392,121.89756,3,NA,1,4,0,0,Cort.,30
Cannery Row,20210626,2,36.6138,121.89752,36.61392,121.89756,3,NA,1,4,0,0,Foliose,0
Cannery Row,20210626,2,36.6138,121.89752,36.61392,121.89756,3,NA,1,4,0,0,Leath.,20
Cannery Row,20210626,2,36.6138,121.89752,36.61392,121.89756,3,NA,1,4,0,0,Kelp,0
Cannery Row,20210626,2,36.6138,121.89752,36.61392,121.89756,3,NA,1,4,0,0,SG,0
Cannery Row,20210626,2,36.6138,121.89752,36.61392,121.89756,3,NA,1,4,0,0,BR,22
Cannery Row,20210626,2,36.6138,121.89752,36.61392,121.89756,4,NA,0,0,0,0,Cr.NC,4
Cannery Row,20210626,2,36.6138,121.89752,36.61392,121.89756,4,NA,0,0,0,0,Cr.Cor,0
Cannery Row,20210626,2,36.6138,121.89752,36.61392,121.89756,4,NA,0,0,0,0,AC,0
Cannery Row,20210626,2,36.6138,121.89752,36.61392,121.89756,4,NA,0,0,0,0,Fila.,0
Cannery Row,20210626,2,36.6138,121.89752,36.61392,121.89756,4,NA,0,0,0,0,Cort.,13
Cannery Row,20210626,2,36.6138,121.89752,36.61392,121.89756,4,NA,0,0,0,0,Foliose,0
Cannery Row,20210626,2,36.6138,121.89752,36.61392,121.89756,4,NA,0,0,0,0,Leath.,34
Cannery Row,20210626,2,36.6138,121.89752,36.61392,121.89756,4,NA,0,0,0,0,Kelp,0
Cannery Row,20210626,2,36.6138,121.89752,36.61392,121.89756,4,NA,0,0,0,0,SG,0
Cannery Row,20210626,2,36.6138,121.89752,36.61392,121.89756,4,NA,0,0,0,0,BR,55
Cannery Row,20210626,2,36.6138,121.89752,36.61392,121.89756,5,NA,2,0,0,0,Cr.NC,29
Cannery Row,20210626,2,36.6138,121.89752,36.61392,121.89756,5,NA,2,0,0,0,Cr.Cor,0
Cannery Row,20210626,2,36.6138,121.89752,36.61392,121.89756,5,NA,2,0,0,0,AC,0
Cannery Row,20210626,2,36.6138,121.89752,36.61392,121.89756,5,NA,2,0,0,0,Fila.,0
Cannery Row,20210626,2,36.6138,121.89752,36.61392,121.89756,5,NA,2,0,0,0,Cort.,12
Cannery Row,20210626,2,36.6138,121.89752,36.61392,121.89756,5,NA,2,0,0,0,Foliose,0
Cannery Row,20210626,2,36.6138,121.89752,36.61392,121.89756,5,NA,2,0,0,0,Leath.,30
Cannery Row,20210626,2,36.6138,121.89752,36.61392,121.89756,5,NA,2,0,0,0,Kelp,0
Cannery Row,20210626,2,36.6138,121.89752,36.61392,121.89756,5,NA,2,0,0,0,SG,0
Cannery Row,20210626,2,36.6138,121.89752,36.61392,121.89756,5,NA,2,0,0,0,BR,40
Cannery Row,20210626,1,36.61378,121.89741,36.61391,121.89752,1,Land,2,4,30,0,Cr.NC,0
Cannery Row,20210626,1,36.61378,121.89741,36.61391,121.89752,1,Land,2,4,30,0,Cr.Cor,4
Cannery Row,20210626,1,36.61378,121.89741,36.61391,121.89752,1,Land,2,4,30,0,AC,8
Cannery Row,20210626,1,36.61378,121.89741,36.61391,121.89752,1,Land,2,4,30,0,Fila.,0
Cannery Row,20210626,1,36.61378,121.89741,36.61391,121.89752,1,Land,2,4,30,0,Cort.,0
Cannery Row,20210626,1,36.61378,121.89741,36.61391,121.89752,1,Land,2,4,30,0,Foliose,0.5
Cannery Row,20210626,1,36.61378,121.89741,36.61391,121.89752,1,Land,2,4,30,0,Leath.,50
Cannery Row,20210626,1,36.61378,121.89741,36.61391,121.89752,1,Land,2,4,30,0,Kelp,0
Cannery Row,20210626,1,36.61378,121.89741,36.61391,121.89752,1,Land,2,4,30,0,SG,0
Cannery Row,20210626,1,36.61378,121.89741,36.61391,121.89752,1,Land,2,4,30,0,BR,4
Cannery Row,20210626,1,36.61378,121.89741,36.61391,121.89752,2,Sea,20.5,4.5,0,0.25,Cr.NC,20
Cannery Row,20210626,1,36.61378,121.89741,36.61391,121.89752,2,Sea,20.5,4.5,0,0.25,Cr.Cor,10
Cannery Row,20210626,1,36.61378,121.89741,36.61391,121.89752,2,Sea,20.5,4.5,0,0.25,AC,5
Cannery Row,20210626,1,36.61378,121.89741,36.61391,121.89752,2,Sea,20.5,4.5,0,0.25,Fila.,0
Cannery Row,20210626,1,36.61378,121.89741,36.61391,121.89752,2,Sea,20.5,4.5,0,0.25,Cort.,0
Cannery Row,20210626,1,36.61378,121.89741,36.61391,121.89752,2,Sea,20.5,4.5,0,0.25,Foliose,0
Cannery Row,20210626,1,36.61378,121.89741,36.61391,121.89752,2,Sea,20.5,4.5,0,0.25,Leath.,5
Cannery Row,20210626,1,36.61378,121.89741,36.61391,121.89752,2,Sea,20.5,4.5,0,0.25,Kelp,0
Cannery Row,20210626,1,36.61378,121.89741,36.61391,121.89752,2,Sea,20.5,4.5,0,0.25,SG,0
Cannery Row,20210626,1,36.61378,121.89741,36.61391,121.89752,2,Sea,20.5,4.5,0,0.25,BR,40
Cannery Row,20210626,1,36.61378,121.89741,36.61391,121.89752,3,Land,0,0,0,2,Cr.NC,5
Cannery Row,20210626,1,36.61378,121.89741,36.61391,121.89752,3,Land,0,0,0,2,Cr.Cor,16
Cannery Row,20210626,1,36.61378,121.89741,36.61391,121.89752,3,Land,0,0,0,2,AC,3
Cannery Row,20210626,1,36.61378,121.89741,36.61391,121.89752,3,Land,0,0,0,2,Fila.,0
Cannery Row,20210626,1,36.61378,121.89741,36.61391,121.89752,3,Land,0,0,0,2,Cort.,10
Cannery Row,20210626,1,36.61378,121.89741,36.61391,121.89752,3,Land,0,0,0,2,Foliose,0
Cannery Row,20210626,1,36.61378,121.89741,36.61391,121.89752,3,Land,0,0,0,2,Leath.,33
Cannery Row,20210626,1,36.61378,121.89741,36.61391,121.89752,3,Land,0,0,0,2,Kelp,0
Cannery Row,20210626,1,36.61378,121.89741,36.61391,121.89752,3,Land,0,0,0,2,SG,0
Cannery Row,20210626,1,36.61378,121.89741,36.61391,121.89752,3,Land,0,0,0,2,BR,52
Cannery Row,20210626,1,36.61378,121.89741,36.61391,121.89752,4,Sea,0,4,2,3,Cr.NC,28
Cannery Row,20210626,1,36.61378,121.89741,36.61391,121.89752,4,Sea,0,4,2,3,Cr.Cor,0
Cannery Row,20210626,1,36.61378,121.89741,36.61391,121.89752,4,Sea,0,4,2,3,AC,1
Cannery Row,20210626,1,36.61378,121.89741,36.61391,121.89752,4,Sea,0,4,2,3,Fila.,0
Cannery Row,20210626,1,36.61378,121.89741,36.61391,121.89752,4,Sea,0,4,2,3,Cort.,4
Cannery Row,20210626,1,36.61378,121.89741,36.61391,121.89752,4,Sea,0,4,2,3,Foliose,0
Cannery Row,20210626,1,36.61378,121.89741,36.61391,121.89752,4,Sea,0,4,2,3,Leath.,37
Cannery Row,20210626,1,36.61378,121.89741,36.61391,121.89752,4,Sea,0,4,2,3,Kelp,0
Cannery Row,20210626,1,36.61378,121.89741,36.61391,121.89752,4,Sea,0,4,2,3,SG,0
Cannery Row,20210626,1,36.61378,121.89741,36.61391,121.89752,4,Sea,0,4,2,3,BR,40
Cannery Row,20210626,1,36.61378,121.89741,36.61391,121.89752,5,Land,0.5,0,20,0,Cr.NC,25
Cannery Row,20210626,1,36.61378,121.89741,36.61391,121.89752,5,Land,0.5,0,20,0,Cr.Cor,12
Cannery Row,20210626,1,36.61378,121.89741,36.61391,121.89752,5,Land,0.5,0,20,0,AC,3
Cannery Row,20210626,1,36.61378,121.89741,36.61391,121.89752,5,Land,0.5,0,20,0,Fila.,0
Cannery Row,20210626,1,36.61378,121.89741,36.61391,121.89752,5,Land,0.5,0,20,0,Cort.,12
Cannery Row,20210626,1,36.61378,121.89741,36.61391,121.89752,5,Land,0.5,0,20,0,Foliose,1
Cannery Row,20210626,1,36.61378,121.89741,36.61391,121.89752,5,Land,0.5,0,20,0,Leath.,2
Cannery Row,20210626,1,36.61378,121.89741,36.61391,121.89752,5,Land,0.5,0,20,0,Kelp,0
Cannery Row,20210626,1,36.61378,121.89741,36.61391,121.89752,5,Land,0.5,0,20,0,SG,0
Cannery Row,20210626,1,36.61378,121.89741,36.61391,121.89752,5,Land,0.5,0,20,0,BR,2
China Rock,20210627,3,36.60605,121.95968,36.60595,121.95968,1,NA,0,2,1,1,Cr.NC,43
China Rock,20210627,3,36.60605,121.95968,36.60595,121.95968,1,NA,0,2,1,1,Cr.Cor,10
China Rock,20210627,3,36.60605,121.95968,36.60595,121.95968,1,NA,0,2,1,1,AC,2
China Rock,20210627,3,36.60605,121.95968,36.60595,121.95968,1,NA,0,2,1,1,Fila.,0.5
China Rock,20210627,3,36.60605,121.95968,36.60595,121.95968,1,NA,0,2,1,1,Cort.,3
China Rock,20210627,3,36.60605,121.95968,36.60595,121.95968,1,NA,0,2,1,1,Foliose,4
China Rock,20210627,3,36.60605,121.95968,36.60595,121.95968,1,NA,0,2,1,1,Leath.,27
China Rock,20210627,3,36.60605,121.95968,36.60595,121.95968,1,NA,0,2,1,1,Kelp,14
China Rock,20210627,3,36.60605,121.95968,36.60595,121.95968,1,NA,0,2,1,1,SG,4
China Rock,20210627,3,36.60605,121.95968,36.60595,121.95968,1,NA,0,2,1,1,BR,8
China Rock,20210627,3,36.60605,121.95968,36.60595,121.95968,2,NA,0,2,2,2,Cr.NC,36
China Rock,20210627,3,36.60605,121.95968,36.60595,121.95968,2,NA,0,2,2,2,Cr.Cor,7
China Rock,20210627,3,36.60605,121.95968,36.60595,121.95968,2,NA,0,2,2,2,AC,8
China Rock,20210627,3,36.60605,121.95968,36.60595,121.95968,2,NA,0,2,2,2,Fila.,0.5
China Rock,20210627,3,36.60605,121.95968,36.60595,121.95968,2,NA,0,2,2,2,Cort.,9
China Rock,20210627,3,36.60605,121.95968,36.60595,121.95968,2,NA,0,2,2,2,Foliose,12
China Rock,20210627,3,36.60605,121.95968,36.60595,121.95968,2,NA,0,2,2,2,Leath.,31
China Rock,20210627,3,36.60605,121.95968,36.60595,121.95968,2,NA,0,2,2,2,Kelp,0
China Rock,20210627,3,36.60605,121.95968,36.60595,121.95968,2,NA,0,2,2,2,SG,4
China Rock,20210627,3,36.60605,121.95968,36.60595,121.95968,2,NA,0,2,2,2,BR,4
China Rock,20210627,3,36.60605,121.95968,36.60595,121.95968,3,NA,50,1,1,4,Cr.NC,20
China Rock,20210627,3,36.60605,121.95968,36.60595,121.95968,3,NA,50,1,1,4,Cr.Cor,0
China Rock,20210627,3,36.60605,121.95968,36.60595,121.95968,3,NA,50,1,1,4,AC,4.5
China Rock,20210627,3,36.60605,121.95968,36.60595,121.95968,3,NA,50,1,1,4,Fila.,1
China Rock,20210627,3,36.60605,121.95968,36.60595,121.95968,3,NA,50,1,1,4,Cort.,2
China Rock,20210627,3,36.60605,121.95968,36.60595,121.95968,3,NA,50,1,1,4,Foliose,1
China Rock,20210627,3,36.60605,121.95968,36.60595,121.95968,3,NA,50,1,1,4,Leath.,4
China Rock,20210627,3,36.60605,121.95968,36.60595,121.95968,3,NA,50,1,1,4,Kelp,0
China Rock,20210627,3,36.60605,121.95968,36.60595,121.95968,3,NA,50,1,1,4,SG,0
China Rock,20210627,3,36.60605,121.95968,36.60595,121.95968,3,NA,50,1,1,4,BR,12
China Rock,20210627,3,36.60605,121.95968,36.60595,121.95968,4,NA,15,2,2,5,Cr.NC,20
China Rock,20210627,3,36.60605,121.95968,36.60595,121.95968,4,NA,15,2,2,5,Cr.Cor,1
China Rock,20210627,3,36.60605,121.95968,36.60595,121.95968,4,NA,15,2,2,5,AC,2
China Rock,20210627,3,36.60605,121.95968,36.60595,121.95968,4,NA,15,2,2,5,Fila.,0.5
China Rock,20210627,3,36.60605,121.95968,36.60595,121.95968,4,NA,15,2,2,5,Cort.,8
China Rock,20210627,3,36.60605,121.95968,36.60595,121.95968,4,NA,15,2,2,5,Foliose,0
China Rock,20210627,3,36.60605,121.95968,36.60595,121.95968,4,NA,15,2,2,5,Leath.,7
China Rock,20210627,3,36.60605,121.95968,36.60595,121.95968,4,NA,15,2,2,5,Kelp,0
China Rock,20210627,3,36.60605,121.95968,36.60595,121.95968,4,NA,15,2,2,5,SG,0
China Rock,20210627,3,36.60605,121.95968,36.60595,121.95968,4,NA,15,2,2,5,BR,41
China Rock,20210627,3,36.60605,121.95968,36.60595,121.95968,5,NA,10,3,1,3,Cr.NC,32
China Rock,20210627,3,36.60605,121.95968,36.60595,121.95968,5,NA,10,3,1,3,Cr.Cor,0.5
China Rock,20210627,3,36.60605,121.95968,36.60595,121.95968,5,NA,10,3,1,3,AC,2
China Rock,20210627,3,36.60605,121.95968,36.60595,121.95968,5,NA,10,3,1,3,Fila.,0.5
China Rock,20210627,3,36.60605,121.95968,36.60595,121.95968,5,NA,10,3,1,3,Cort.,10
China Rock,20210627,3,36.60605,121.95968,36.60595,121.95968,5,NA,10,3,1,3,Foliose,15
China Rock,20210627,3,36.60605,121.95968,36.60595,121.95968,5,NA,10,3,1,3,Leath.,11
China Rock,20210627,3,36.60605,121.95968,36.60595,121.95968,5,NA,10,3,1,3,Kelp,0.5
China Rock,20210627,3,36.60605,121.95968,36.60595,121.95968,5,NA,10,3,1,3,SG,0
China Rock,20210627,3,36.60605,121.95968,36.60595,121.95968,5,NA,10,3,1,3,BR,29
China Rock,20210627,2,36.60607,121.95964,36.60624,121.95961,1,NA,0,1,0,2,Cr.NC,39
China Rock,20210627,2,36.60607,121.95964,36.60624,121.95961,1,NA,0,1,0,2,Cr.Cor,9
China Rock,20210627,2,36.60607,121.95964,36.60624,121.95961,1,NA,0,1,0,2,AC,0
China Rock,20210627,2,36.60607,121.95964,36.60624,121.95961,1,NA,0,1,0,2,Fila.,0
China Rock,20210627,2,36.60607,121.95964,36.60624,121.95961,1,NA,0,1,0,2,Cort.,5
China Rock,20210627,2,36.60607,121.95964,36.60624,121.95961,1,NA,0,1,0,2,Foliose,9
China Rock,20210627,2,36.60607,121.95964,36.60624,121.95961,1,NA,0,1,0,2,Leath.,21
China Rock,20210627,2,36.60607,121.95964,36.60624,121.95961,1,NA,0,1,0,2,Kelp,0
China Rock,20210627,2,36.60607,121.95964,36.60624,121.95961,1,NA,0,1,0,2,SG,0
China Rock,20210627,2,36.60607,121.95964,36.60624,121.95961,1,NA,0,1,0,2,BR,52
China Rock,20210627,2,36.60607,121.95964,36.60624,121.95961,2,NA,0,0,0,0,Cr.NC,14
China Rock,20210627,2,36.60607,121.95964,36.60624,121.95961,2,NA,0,0,0,0,Cr.Cor,4
China Rock,20210627,2,36.60607,121.95964,36.60624,121.95961,2,NA,0,0,0,0,AC,1
China Rock,20210627,2,36.60607,121.95964,36.60624,121.95961,2,NA,0,0,0,0,Fila.,0
China Rock,20210627,2,36.60607,121.95964,36.60624,121.95961,2,NA,0,0,0,0,Cort.,4
China Rock,20210627,2,36.60607,121.95964,36.60624,121.95961,2,NA,0,0,0,0,Foliose,13
China Rock,20210627,2,36.60607,121.95964,36.60624,121.95961,2,NA,0,0,0,0,Leath.,26
China Rock,20210627,2,36.60607,121.95964,36.60624,121.95961,2,NA,0,0,0,0,Kelp,8
China Rock,20210627,2,36.60607,121.95964,36.60624,121.95961,2,NA,0,0,0,0,SG,9
China Rock,20210627,2,36.60607,121.95964,36.60624,121.95961,2,NA,0,0,0,0,BR,16
China Rock,20210627,2,36.60607,121.95964,36.60624,121.95961,3,NA,0,0,0,5,Cr.NC,5
China Rock,20210627,2,36.60607,121.95964,36.60624,121.95961,3,NA,0,0,0,5,Cr.Cor,19
China Rock,20210627,2,36.60607,121.95964,36.60624,121.95961,3,NA,0,0,0,5,AC,1
China Rock,20210627,2,36.60607,121.95964,36.60624,121.95961,3,NA,0,0,0,5,Fila.,0
China Rock,20210627,2,36.60607,121.95964,36.60624,121.95961,3,NA,0,0,0,5,Cort.,7
China Rock,20210627,2,36.60607,121.95964,36.60624,121.95961,3,NA,0,0,0,5,Foliose,7
China Rock,20210627,2,36.60607,121.95964,36.60624,121.95961,3,NA,0,0,0,5,Leath.,21
China Rock,20210627,2,36.60607,121.95964,36.60624,121.95961,3,NA,0,0,0,5,Kelp,12
China Rock,20210627,2,36.60607,121.95964,36.60624,121.95961,3,NA,0,0,0,5,SG,0
China Rock,20210627,2,36.60607,121.95964,36.60624,121.95961,3,NA,0,0,0,5,BR,42
China Rock,20210627,2,36.60607,121.95964,36.60624,121.95961,4,NA,0.5,2,2,4,Cr.NC,12
China Rock,20210627,2,36.60607,121.95964,36.60624,121.95961,4,NA,0.5,2,2,4,Cr.Cor,11
China Rock,20210627,2,36.60607,121.95964,36.60624,121.95961,4,NA,0.5,2,2,4,AC,20
China Rock,20210627,2,36.60607,121.95964,36.60624,121.95961,4,NA,0.5,2,2,4,Fila.,0
China Rock,20210627,2,36.60607,121.95964,36.60624,121.95961,4,NA,0.5,2,2,4,Cort.,13
China Rock,20210627,2,36.60607,121.95964,36.60624,121.95961,4,NA,0.5,2,2,4,Foliose,4
China Rock,20210627,2,36.60607,121.95964,36.60624,121.95961,4,NA,0.5,2,2,4,Leath.,17
China Rock,20210627,2,36.60607,121.95964,36.60624,121.95961,4,NA,0.5,2,2,4,Kelp,0.5
China Rock,20210627,2,36.60607,121.95964,36.60624,121.95961,4,NA,0.5,2,2,4,SG,19
China Rock,20210627,2,36.60607,121.95964,36.60624,121.95961,4,NA,0.5,2,2,4,BR,20
China Rock,20210627,2,36.60607,121.95964,36.60624,121.95961,5,NA,5,0,0,1,Cr.NC,12
China Rock,20210627,2,36.60607,121.95964,36.60624,121.95961,5,NA,5,0,0,1,Cr.Cor,3
China Rock,20210627,2,36.60607,121.95964,36.60624,121.95961,5,NA,5,0,0,1,AC,3
China Rock,20210627,2,36.60607,121.95964,36.60624,121.95961,5,NA,5,0,0,1,Fila.,0
China Rock,20210627,2,36.60607,121.95964,36.60624,121.95961,5,NA,5,0,0,1,Cort.,3
China Rock,20210627,2,36.60607,121.95964,36.60624,121.95961,5,NA,5,0,0,1,Foliose,21
China Rock,20210627,2,36.60607,121.95964,36.60624,121.95961,5,NA,5,0,0,1,Leath.,16
China Rock,20210627,2,36.60607,121.95964,36.60624,121.95961,5,NA,5,0,0,1,Kelp,33
China Rock,20210627,2,36.60607,121.95964,36.60624,121.95961,5,NA,5,0,0,1,SG,1
China Rock,20210627,2,36.60607,121.95964,36.60624,121.95961,5,NA,5,0,0,1,BR,1
China Rock,20210627,1,36.60627,121.95963,36.60643,121.95956,1,Sea,0,0,0,0,Cr.NC,11
China Rock,20210627,1,36.60627,121.95963,36.60643,121.95956,1,Sea,0,0,0,0,Cr.Cor,15
China Rock,20210627,1,36.60627,121.95963,36.60643,121.95956,1,Sea,0,0,0,0,AC,9
China Rock,20210627,1,36.60627,121.95963,36.60643,121.95956,1,Sea,0,0,0,0,Fila.,0
China Rock,20210627,1,36.60627,121.95963,36.60643,121.95956,1,Sea,0,0,0,0,Cort.,9
China Rock,20210627,1,36.60627,121.95963,36.60643,121.95956,1,Sea,0,0,0,0,Foliose,1
China Rock,20210627,1,36.60627,121.95963,36.60643,121.95956,1,Sea,0,0,0,0,Leath.,15
China Rock,20210627,1,36.60627,121.95963,36.60643,121.95956,1,Sea,0,0,0,0,Kelp,2
China Rock,20210627,1,36.60627,121.95963,36.60643,121.95956,1,Sea,0,0,0,0,SG,0
China Rock,20210627,1,36.60627,121.95963,36.60643,121.95956,1,Sea,0,0,0,0,BR,36
China Rock,20210627,1,36.60627,121.95963,36.60643,121.95956,2,NA,0,1,0,1,Cr.NC,3
China Rock,20210627,1,36.60627,121.95963,36.60643,121.95956,2,NA,0,1,0,1,Cr.Cor,19
China Rock,20210627,1,36.60627,121.95963,36.60643,121.95956,2,NA,0,1,0,1,AC,4
China Rock,20210627,1,36.60627,121.95963,36.60643,121.95956,2,NA,0,1,0,1,Fila.,0
China Rock,20210627,1,36.60627,121.95963,36.60643,121.95956,2,NA,0,1,0,1,Cort.,6
China Rock,20210627,1,36.60627,121.95963,36.60643,121.95956,2,NA,0,1,0,1,Foliose,10
China Rock,20210627,1,36.60627,121.95963,36.60643,121.95956,2,NA,0,1,0,1,Leath.,56
China Rock,20210627,1,36.60627,121.95963,36.60643,121.95956,2,NA,0,1,0,1,Kelp,0
China Rock,20210627,1,36.60627,121.95963,36.60643,121.95956,2,NA,0,1,0,1,SG,0
China Rock,20210627,1,36.60627,121.95963,36.60643,121.95956,2,NA,0,1,0,1,BR,10
China Rock,20210627,1,36.60627,121.95963,36.60643,121.95956,3,NA,9,0,1,0,Cr.NC,48
China Rock,20210627,1,36.60627,121.95963,36.60643,121.95956,3,NA,9,0,1,0,Cr.Cor,2
China Rock,20210627,1,36.60627,121.95963,36.60643,121.95956,3,NA,9,0,1,0,AC,2
China Rock,20210627,1,36.60627,121.95963,36.60643,121.95956,3,NA,9,0,1,0,Fila.,1
China Rock,20210627,1,36.60627,121.95963,36.60643,121.95956,3,NA,9,0,1,0,Cort.,5
China Rock,20210627,1,36.60627,121.95963,36.60643,121.95956,3,NA,9,0,1,0,Foliose,15
China Rock,20210627,1,36.60627,121.95963,36.60643,121.95956,3,NA,9,0,1,0,Leath.,14
China Rock,20210627,1,36.60627,121.95963,36.60643,121.95956,3,NA,9,0,1,0,Kelp,0
China Rock,20210627,1,36.60627,121.95963,36.60643,121.95956,3,NA,9,0,1,0,SG,0
China Rock,20210627,1,36.60627,121.95963,36.60643,121.95956,3,NA,9,0,1,0,BR,10
China Rock,20210627,1,36.60627,121.95963,36.60643,121.95956,4,NA,3,1,1,0,Cr.NC,29
China Rock,20210627,1,36.60627,121.95963,36.60643,121.95956,4,NA,3,1,1,0,Cr.Cor,5
China Rock,20210627,1,36.60627,121.95963,36.60643,121.95956,4,NA,3,1,1,0,AC,6
China Rock,20210627,1,36.60627,121.95963,36.60643,121.95956,4,NA,3,1,1,0,Fila.,1
China Rock,20210627,1,36.60627,121.95963,36.60643,121.95956,4,NA,3,1,1,0,Cort.,8
China Rock,20210627,1,36.60627,121.95963,36.60643,121.95956,4,NA,3,1,1,0,Foliose,10
China Rock,20210627,1,36.60627,121.95963,36.60643,121.95956,4,NA,3,1,1,0,Leath.,8
China Rock,20210627,1,36.60627,121.95963,36.60643,121.95956,4,NA,3,1,1,0,Kelp,0
China Rock,20210627,1,36.60627,121.95963,36.60643,121.95956,4,NA,3,1,1,0,SG,0
China Rock,20210627,1,36.60627,121.95963,36.60643,121.95956,4,NA,3,1,1,0,BR,40
China Rock,20210627,1,36.60627,121.95963,36.60643,121.95956,5,NA,4,1,1,0,Cr.NC,39
China Rock,20210627,1,36.60627,121.95963,36.60643,121.95956,5,NA,4,1,1,0,Cr.Cor,18
China Rock,20210627,1,36.60627,121.95963,36.60643,121.95956,5,NA,4,1,1,0,AC,10
China Rock,20210627,1,36.60627,121.95963,36.60643,121.95956,5,NA,4,1,1,0,Fila.,1
China Rock,20210627,1,36.60627,121.95963,36.60643,121.95956,5,NA,4,1,1,0,Cort.,6
China Rock,20210627,1,36.60627,121.95963,36.60643,121.95956,5,NA,4,1,1,0,Foliose,10
China Rock,20210627,1,36.60627,121.95963,36.60643,121.95956,5,NA,4,1,1,0,Leath.,6
China Rock,20210627,1,36.60627,121.95963,36.60643,121.95956,5,NA,4,1,1,0,Kelp,0
China Rock,20210627,1,36.60627,121.95963,36.60643,121.95956,5,NA,4,1,1,0,SG,0
China Rock,20210627,1,36.60627,121.95963,36.60643,121.95956,5,NA,4,1,1,0,BR,23
China Rock,20210713,4,36.60576,121.95997,36.60559,121.96005,1,NA,0,5,0,0,Cr.NC,20
China Rock,20210713,4,36.60576,121.95997,36.60559,121.96005,1,NA,0,5,0,0,Cr.Cor,16
China Rock,20210713,4,36.60576,121.95997,36.60559,121.96005,1,NA,0,5,0,0,AC,0.5
China Rock,20210713,4,36.60576,121.95997,36.60559,121.96005,1,NA,0,5,0,0,Fila.,0.5
China Rock,20210713,4,36.60576,121.95997,36.60559,121.96005,1,NA,0,5,0,0,Cort.,10
China Rock,20210713,4,36.60576,121.95997,36.60559,121.96005,1,NA,0,5,0,0,Foliose,4
China Rock,20210713,4,36.60576,121.95997,36.60559,121.96005,1,NA,0,5,0,0,Leath.,75
China Rock,20210713,4,36.60576,121.95997,36.60559,121.96005,1,NA,0,5,0,0,Kelp,0
China Rock,20210713,4,36.60576,121.95997,36.60559,121.96005,1,NA,0,5,0,0,SG,0
China Rock,20210713,4,36.60576,121.95997,36.60559,121.96005,1,NA,0,5,0,0,BR,25
China Rock,20210713,4,36.60576,121.95997,36.60559,121.96005,2,NA,0,0.5,0,0,Cr.NC,50
China Rock,20210713,4,36.60576,121.95997,36.60559,121.96005,2,NA,0,0.5,0,0,Cr.Cor,0.5
China Rock,20210713,4,36.60576,121.95997,36.60559,121.96005,2,NA,0,0.5,0,0,AC,0
China Rock,20210713,4,36.60576,121.95997,36.60559,121.96005,2,NA,0,0.5,0,0,Fila.,0
China Rock,20210713,4,36.60576,121.95997,36.60559,121.96005,2,NA,0,0.5,0,0,Cort.,15
China Rock,20210713,4,36.60576,121.95997,36.60559,121.96005,2,NA,0,0.5,0,0,Foliose,29
China Rock,20210713,4,36.60576,121.95997,36.60559,121.96005,2,NA,0,0.5,0,0,Leath.,75
China Rock,20210713,4,36.60576,121.95997,36.60559,121.96005,2,NA,0,0.5,0,0,Kelp,0
China Rock,20210713,4,36.60576,121.95997,36.60559,121.96005,2,NA,0,0.5,0,0,SG,0
China Rock,20210713,4,36.60576,121.95997,36.60559,121.96005,2,NA,0,0.5,0,0,BR,15
China Rock,20210713,4,36.60576,121.95997,36.60559,121.96005,3,NA,0,1,0,0,Cr.NC,40
China Rock,20210713,4,36.60576,121.95997,36.60559,121.96005,3,NA,0,1,0,0,Cr.Cor,0
China Rock,20210713,4,36.60576,121.95997,36.60559,121.96005,3,NA,0,1,0,0,AC,0.5
China Rock,20210713,4,36.60576,121.95997,36.60559,121.96005,3,NA,0,1,0,0,Fila.,0.5
China Rock,20210713,4,36.60576,121.95997,36.60559,121.96005,3,NA,0,1,0,0,Cort.,20
China Rock,20210713,4,36.60576,121.95997,36.60559,121.96005,3,NA,0,1,0,0,Foliose,15
China Rock,20210713,4,36.60576,121.95997,36.60559,121.96005,3,NA,0,1,0,0,Leath.,50
China Rock,20210713,4,36.60576,121.95997,36.60559,121.96005,3,NA,0,1,0,0,Kelp,0
China Rock,20210713,4,36.60576,121.95997,36.60559,121.96005,3,NA,0,1,0,0,SG,0
China Rock,20210713,4,36.60576,121.95997,36.60559,121.96005,3,NA,0,1,0,0,BR,25
China Rock,20210713,4,36.60576,121.95997,36.60559,121.96005,4,NA,0,4,0,0,Cr.NC,56
China Rock,20210713,4,36.60576,121.95997,36.60559,121.96005,4,NA,0,4,0,0,Cr.Cor,3
China Rock,20210713,4,36.60576,121.95997,36.60559,121.96005,4,NA,0,4,0,0,AC,0
China Rock,20210713,4,36.60576,121.95997,36.60559,121.96005,4,NA,0,4,0,0,Fila.,0
China Rock,20210713,4,36.60576,121.95997,36.60559,121.96005,4,NA,0,4,0,0,Cort.,15
China Rock,20210713,4,36.60576,121.95997,36.60559,121.96005,4,NA,0,4,0,0,Foliose,5
China Rock,20210713,4,36.60576,121.95997,36.60559,121.96005,4,NA,0,4,0,0,Leath.,35
China Rock,20210713,4,36.60576,121.95997,36.60559,121.96005,4,NA,0,4,0,0,Kelp,0
China Rock,20210713,4,36.60576,121.95997,36.60559,121.96005,4,NA,0,4,0,0,SG,0
China Rock,20210713,4,36.60576,121.95997,36.60559,121.96005,4,NA,0,4,0,0,BR,25
China Rock,20210713,4,36.60576,121.95997,36.60559,121.96005,5,NA,0,0.5,0,3,Cr.NC,91
China Rock,20210713,4,36.60576,121.95997,36.60559,121.96005,5,NA,0,0.5,0,3,Cr.Cor,0.5
China Rock,20210713,4,36.60576,121.95997,36.60559,121.96005,5,NA,0,0.5,0,3,AC,0
China Rock,20210713,4,36.60576,121.95997,36.60559,121.96005,5,NA,0,0.5,0,3,Fila.,0
China Rock,20210713,4,36.60576,121.95997,36.60559,121.96005,5,NA,0,0.5,0,3,Cort.,0.5
China Rock,20210713,4,36.60576,121.95997,36.60559,121.96005,5,NA,0,0.5,0,3,Foliose,30
China Rock,20210713,4,36.60576,121.95997,36.60559,121.96005,5,NA,0,0.5,0,3,Leath.,60
China Rock,20210713,4,36.60576,121.95997,36.60559,121.96005,5,NA,0,0.5,0,3,Kelp,0
China Rock,20210713,4,36.60576,121.95997,36.60559,121.96005,5,NA,0,0.5,0,3,SG,0
China Rock,20210713,4,36.60576,121.95997,36.60559,121.96005,5,NA,0,0.5,0,3,BR,9
China Rock,20210713,5,36.60554,121.96017,36.60537,121.96011,1,Land,0,1,0,0,Cr.NC,25
China Rock,20210713,5,36.60554,121.96017,36.60537,121.96011,1,Land,0,1,0,0,Cr.Cor,1
China Rock,20210713,5,36.60554,121.96017,36.60537,121.96011,1,Land,0,1,0,0,AC,0
China Rock,20210713,5,36.60554,121.96017,36.60537,121.96011,1,Land,0,1,0,0,Fila.,0
China Rock,20210713,5,36.60554,121.96017,36.60537,121.96011,1,Land,0,1,0,0,Cort.,6
China Rock,20210713,5,36.60554,121.96017,36.60537,121.96011,1,Land,0,1,0,0,Foliose,17
China Rock,20210713,5,36.60554,121.96017,36.60537,121.96011,1,Land,0,1,0,0,Leath.,70
China Rock,20210713,5,36.60554,121.96017,36.60537,121.96011,1,Land,0,1,0,0,Kelp,0
China Rock,20210713,5,36.60554,121.96017,36.60537,121.96011,1,Land,0,1,0,0,SG,0
China Rock,20210713,5,36.60554,121.96017,36.60537,121.96011,1,Land,0,1,0,0,BR,12
China Rock,20210713,5,36.60554,121.96017,36.60537,121.96011,2,Sea,0,0,0,0,Cr.NC,26
China Rock,20210713,5,36.60554,121.96017,36.60537,121.96011,2,Sea,0,0,0,0,Cr.Cor,4
China Rock,20210713,5,36.60554,121.96017,36.60537,121.96011,2,Sea,0,0,0,0,AC,6
China Rock,20210713,5,36.60554,121.96017,36.60537,121.96011,2,Sea,0,0,0,0,Fila.,0
China Rock,20210713,5,36.60554,121.96017,36.60537,121.96011,2,Sea,0,0,0,0,Cort.,14
China Rock,20210713,5,36.60554,121.96017,36.60537,121.96011,2,Sea,0,0,0,0,Foliose,16
China Rock,20210713,5,36.60554,121.96017,36.60537,121.96011,2,Sea,0,0,0,0,Leath.,50
China Rock,20210713,5,36.60554,121.96017,36.60537,121.96011,2,Sea,0,0,0,0,Kelp,0
China Rock,20210713,5,36.60554,121.96017,36.60537,121.96011,2,Sea,0,0,0,0,SG,0
China Rock,20210713,5,36.60554,121.96017,36.60537,121.96011,2,Sea,0,0,0,0,BR,16
China Rock,20210713,5,36.60554,121.96017,36.60537,121.96011,3,Land,0,3,0,0,Cr.NC,22
China Rock,20210713,5,36.60554,121.96017,36.60537,121.96011,3,Land,0,3,0,0,Cr.Cor,5
China Rock,20210713,5,36.60554,121.96017,36.60537,121.96011,3,Land,0,3,0,0,AC,0
China Rock,20210713,5,36.60554,121.96017,36.60537,121.96011,3,Land,0,3,0,0,Fila.,0
China Rock,20210713,5,36.60554,121.96017,36.60537,121.96011,3,Land,0,3,0,0,Cort.,1
China Rock,20210713,5,36.60554,121.96017,36.60537,121.96011,3,Land,0,3,0,0,Foliose,12
China Rock,20210713,5,36.60554,121.96017,36.60537,121.96011,3,Land,0,3,0,0,Leath.,72
China Rock,20210713,5,36.60554,121.96017,36.60537,121.96011,3,Land,0,3,0,0,Kelp,0
China Rock,20210713,5,36.60554,121.96017,36.60537,121.96011,3,Land,0,3,0,0,SG,0
China Rock,20210713,5,36.60554,121.96017,36.60537,121.96011,3,Land,0,3,0,0,BR,9
China Rock,20210713,5,36.60554,121.96017,36.60537,121.96011,4,Sea,0,1,0,0,Cr.NC,90
China Rock,20210713,5,36.60554,121.96017,36.60537,121.96011,4,Sea,0,1,0,0,Cr.Cor,0
China Rock,20210713,5,36.60554,121.96017,36.60537,121.96011,4,Sea,0,1,0,0,AC,0
China Rock,20210713,5,36.60554,121.96017,36.60537,121.96011,4,Sea,0,1,0,0,Fila.,0
China Rock,20210713,5,36.60554,121.96017,36.60537,121.96011,4,Sea,0,1,0,0,Cort.,1
China Rock,20210713,5,36.60554,121.96017,36.60537,121.96011,4,Sea,0,1,0,0,Foliose,60
China Rock,20210713,5,36.60554,121.96017,36.60537,121.96011,4,Sea,0,1,0,0,Leath.,42
China Rock,20210713,5,36.60554,121.96017,36.60537,121.96011,4,Sea,0,1,0,0,Kelp,0
China Rock,20210713,5,36.60554,121.96017,36.60537,121.96011,4,Sea,0,1,0,0,SG,0
China Rock,20210713,5,36.60554,121.96017,36.60537,121.96011,4,Sea,0,1,0,0,BR,1
China Rock,20210713,5,36.60554,121.96017,36.60537,121.96011,5,Land,6,1,0,0,Cr.NC,30
China Rock,20210713,5,36.60554,121.96017,36.60537,121.96011,5,Land,6,1,0,0,Cr.Cor,3
China Rock,20210713,5,36.60554,121.96017,36.60537,121.96011,5,Land,6,1,0,0,AC,0
China Rock,20210713,5,36.60554,121.96017,36.60537,121.96011,5,Land,6,1,0,0,Fila.,0
China Rock,20210713,5,36.60554,121.96017,36.60537,121.96011,5,Land,6,1,0,0,Cort.,12
China Rock,20210713,5,36.60554,121.96017,36.60537,121.96011,5,Land,6,1,0,0,Foliose,25
China Rock,20210713,5,36.60554,121.96017,36.60537,121.96011,5,Land,6,1,0,0,Leath.,45
China Rock,20210713,5,36.60554,121.96017,36.60537,121.96011,5,Land,6,1,0,0,Kelp,9
China Rock,20210713,5,36.60554,121.96017,36.60537,121.96011,5,Land,6,1,0,0,SG,0
China Rock,20210713,5,36.60554,121.96017,36.60537,121.96011,5,Land,6,1,0,0,BR,10
China Rock,20210713,6,36.60529,121.96017,36.60515,121.96006,1,Land,0,2,0,2,Cr.NC,10
China Rock,20210713,6,36.60529,121.96017,36.60515,121.96006,1,Land,0,2,0,2,Cr.Cor,2
China Rock,20210713,6,36.60529,121.96017,36.60515,121.96006,1,Land,0,2,0,2,AC,1
China Rock,20210713,6,36.60529,121.96017,36.60515,121.96006,1,Land,0,2,0,2,Fila.,0
China Rock,20210713,6,36.60529,121.96017,36.60515,121.96006,1,Land,0,2,0,2,Cort.,1
China Rock,20210713,6,36.60529,121.96017,36.60515,121.96006,1,Land,0,2,0,2,Foliose,27
China Rock,20210713,6,36.60529,121.96017,36.60515,121.96006,1,Land,0,2,0,2,Leath.,67
China Rock,20210713,6,36.60529,121.96017,36.60515,121.96006,1,Land,0,2,0,2,Kelp,0
China Rock,20210713,6,36.60529,121.96017,36.60515,121.96006,1,Land,0,2,0,2,SG,0
China Rock,20210713,6,36.60529,121.96017,36.60515,121.96006,1,Land,0,2,0,2,BR,13
China Rock,20210713,6,36.60529,121.96017,36.60515,121.96006,2,Sea,0,0,0,1,Cr.NC,26
China Rock,20210713,6,36.60529,121.96017,36.60515,121.96006,2,Sea,0,0,0,1,Cr.Cor,30
China Rock,20210713,6,36.60529,121.96017,36.60515,121.96006,2,Sea,0,0,0,1,AC,0
China Rock,20210713,6,36.60529,121.96017,36.60515,121.96006,2,Sea,0,0,0,1,Fila.,0
China Rock,20210713,6,36.60529,121.96017,36.60515,121.96006,2,Sea,0,0,0,1,Cort.,5
China Rock,20210713,6,36.60529,121.96017,36.60515,121.96006,2,Sea,0,0,0,1,Foliose,40
China Rock,20210713,6,36.60529,121.96017,36.60515,121.96006,2,Sea,0,0,0,1,Leath.,32
China Rock,20210713,6,36.60529,121.96017,36.60515,121.96006,2,Sea,0,0,0,1,Kelp,0
China Rock,20210713,6,36.60529,121.96017,36.60515,121.96006,2,Sea,0,0,0,1,SG,0
China Rock,20210713,6,36.60529,121.96017,36.60515,121.96006,2,Sea,0,0,0,1,BR,2
China Rock,20210713,6,36.60529,121.96017,36.60515,121.96006,3,Land,0,1,2,0,Cr.NC,38
China Rock,20210713,6,36.60529,121.96017,36.60515,121.96006,3,Land,0,1,2,0,Cr.Cor,1
China Rock,20210713,6,36.60529,121.96017,36.60515,121.96006,3,Land,0,1,2,0,AC,1
China Rock,20210713,6,36.60529,121.96017,36.60515,121.96006,3,Land,0,1,2,0,Fila.,1
China Rock,20210713,6,36.60529,121.96017,36.60515,121.96006,3,Land,0,1,2,0,Cort.,8
China Rock,20210713,6,36.60529,121.96017,36.60515,121.96006,3,Land,0,1,2,0,Foliose,45
China Rock,20210713,6,36.60529,121.96017,36.60515,121.96006,3,Land,0,1,2,0,Leath.,34
China Rock,20210713,6,36.60529,121.96017,36.60515,121.96006,3,Land,0,1,2,0,Kelp,0
China Rock,20210713,6,36.60529,121.96017,36.60515,121.96006,3,Land,0,1,2,0,SG,0
China Rock,20210713,6,36.60529,121.96017,36.60515,121.96006,3,Land,0,1,2,0,BR,10
China Rock,20210713,6,36.60529,121.96017,36.60515,121.96006,4,Sea,0,1,0,0,Cr.NC,30
China Rock,20210713,6,36.60529,121.96017,36.60515,121.96006,4,Sea,0,1,0,0,Cr.Cor,1
China Rock,20210713,6,36.60529,121.96017,36.60515,121.96006,4,Sea,0,1,0,0,AC,0
China Rock,20210713,6,36.60529,121.96017,36.60515,121.96006,4,Sea,0,1,0,0,Fila.,0
China Rock,20210713,6,36.60529,121.96017,36.60515,121.96006,4,Sea,0,1,0,0,Cort.,9
China Rock,20210713,6,36.60529,121.96017,36.60515,121.96006,4,Sea,0,1,0,0,Foliose,16
China Rock,20210713,6,36.60529,121.96017,36.60515,121.96006,4,Sea,0,1,0,0,Leath.,32
China Rock,20210713,6,36.60529,121.96017,36.60515,121.96006,4,Sea,0,1,0,0,Kelp,0
China Rock,20210713,6,36.60529,121.96017,36.60515,121.96006,4,Sea,0,1,0,0,SG,0
China Rock,20210713,6,36.60529,121.96017,36.60515,121.96006,4,Sea,0,1,0,0,BR,12
China Rock,20210713,6,36.60529,121.96017,36.60515,121.96006,5,Land,0,3,0,0,Cr.NC,70
China Rock,20210713,6,36.60529,121.96017,36.60515,121.96006,5,Land,0,3,0,0,Cr.Cor,3
China Rock,20210713,6,36.60529,121.96017,36.60515,121.96006,5,Land,0,3,0,0,AC,0
China Rock,20210713,6,36.60529,121.96017,36.60515,121.96006,5,Land,0,3,0,0,Fila.,0
China Rock,20210713,6,36.60529,121.96017,36.60515,121.96006,5,Land,0,3,0,0,Cort.,15
China Rock,20210713,6,36.60529,121.96017,36.60515,121.96006,5,Land,0,3,0,0,Foliose,60
China Rock,20210713,6,36.60529,121.96017,36.60515,121.96006,5,Land,0,3,0,0,Leath.,70
China Rock,20210713,6,36.60529,121.96017,36.60515,121.96006,5,Land,0,3,0,0,Kelp,0
China Rock,20210713,6,36.60529,121.96017,36.60515,121.96006,5,Land,0,3,0,0,SG,0
China Rock,20210713,6,36.60529,121.96017,36.60515,121.96006,5,Land,0,3,0,0,BR,6
Cannery Row,20210628,5,36.61426,121.89788,36.61443,121.89787,1,NA,6,9,0,NA,Cr.NC,42
Cannery Row,20210628,5,36.61426,121.89788,36.61443,121.89787,1,NA,6,9,0,NA,Cr.Cor,0
Cannery Row,20210628,5,36.61426,121.89788,36.61443,121.89787,1,NA,6,9,0,NA,AC,5
Cannery Row,20210628,5,36.61426,121.89788,36.61443,121.89787,1,NA,6,9,0,NA,Fila.,0
Cannery Row,20210628,5,36.61426,121.89788,36.61443,121.89787,1,NA,6,9,0,NA,Cort.,4
Cannery Row,20210628,5,36.61426,121.89788,36.61443,121.89787,1,NA,6,9,0,NA,Foliose,0
Cannery Row,20210628,5,36.61426,121.89788,36.61443,121.89787,1,NA,6,9,0,NA,Leath.,30
Cannery Row,20210628,5,36.61426,121.89788,36.61443,121.89787,1,NA,6,9,0,NA,Kelp,0
Cannery Row,20210628,5,36.61426,121.89788,36.61443,121.89787,1,NA,6,9,0,NA,SG,0
Cannery Row,20210628,5,36.61426,121.89788,36.61443,121.89787,1,NA,6,9,0,NA,BR,27
Cannery Row,20210628,5,36.61426,121.89788,36.61443,121.89787,2,NA,7,2,0,NA,Cr.NC,22
Cannery Row,20210628,5,36.61426,121.89788,36.61443,121.89787,2,NA,7,2,0,NA,Cr.Cor,1
Cannery Row,20210628,5,36.61426,121.89788,36.61443,121.89787,2,NA,7,2,0,NA,AC,11
Cannery Row,20210628,5,36.61426,121.89788,36.61443,121.89787,2,NA,7,2,0,NA,Fila.,0
Cannery Row,20210628,5,36.61426,121.89788,36.61443,121.89787,2,NA,7,2,0,NA,Cort.,17
Cannery Row,20210628,5,36.61426,121.89788,36.61443,121.89787,2,NA,7,2,0,NA,Foliose,0
Cannery Row,20210628,5,36.61426,121.89788,36.61443,121.89787,2,NA,7,2,0,NA,Leath.,18
Cannery Row,20210628,5,36.61426,121.89788,36.61443,121.89787,2,NA,7,2,0,NA,Kelp,0
Cannery Row,20210628,5,36.61426,121.89788,36.61443,121.89787,2,NA,7,2,0,NA,SG,0
Cannery Row,20210628,5,36.61426,121.89788,36.61443,121.89787,2,NA,7,2,0,NA,BR,35
Cannery Row,20210628,5,36.61426,121.89788,36.61443,121.89787,3,NA,1,0,0,NA,Cr.NC,11
Cannery Row,20210628,5,36.61426,121.89788,36.61443,121.89787,3,NA,1,0,0,NA,Cr.Cor,0
Cannery Row,20210628,5,36.61426,121.89788,36.61443,121.89787,3,NA,1,0,0,NA,AC,0
Cannery Row,20210628,5,36.61426,121.89788,36.61443,121.89787,3,NA,1,0,0,NA,Fila.,0
Cannery Row,20210628,5,36.61426,121.89788,36.61443,121.89787,3,NA,1,0,0,NA,Cort.,0
Cannery Row,20210628,5,36.61426,121.89788,36.61443,121.89787,3,NA,1,0,0,NA,Foliose,0
Cannery Row,20210628,5,36.61426,121.89788,36.61443,121.89787,3,NA,1,0,0,NA,Leath.,54
Cannery Row,20210628,5,36.61426,121.89788,36.61443,121.89787,3,NA,1,0,0,NA,Kelp,0
Cannery Row,20210628,5,36.61426,121.89788,36.61443,121.89787,3,NA,1,0,0,NA,SG,0
Cannery Row,20210628,5,36.61426,121.89788,36.61443,121.89787,3,NA,1,0,0,NA,BR,44
Cannery Row,20210628,5,36.61426,121.89788,36.61443,121.89787,4,NA,0,0,0,NA,Cr.NC,2
Cannery Row,20210628,5,36.61426,121.89788,36.61443,121.89787,4,NA,0,0,0,NA,Cr.Cor,1
Cannery Row,20210628,5,36.61426,121.89788,36.61443,121.89787,4,NA,0,0,0,NA,AC,1
Cannery Row,20210628,5,36.61426,121.89788,36.61443,121.89787,4,NA,0,0,0,NA,Fila.,0
Cannery Row,20210628,5,36.61426,121.89788,36.61443,121.89787,4,NA,0,0,0,NA,Cort.,1
Cannery Row,20210628,5,36.61426,121.89788,36.61443,121.89787,4,NA,0,0,0,NA,Foliose,0
Cannery Row,20210628,5,36.61426,121.89788,36.61443,121.89787,4,NA,0,0,0,NA,Leath.,7
Cannery Row,20210628,5,36.61426,121.89788,36.61443,121.89787,4,NA,0,0,0,NA,Kelp,0
Cannery Row,20210628,5,36.61426,121.89788,36.61443,121.89787,4,NA,0,0,0,NA,SG,0
Cannery Row,20210628,5,36.61426,121.89788,36.61443,121.89787,4,NA,0,0,0,NA,BR,88
Cannery Row,20210628,5,36.61426,121.89788,36.61443,121.89787,5,NA,10,2,0,NA,Cr.NC,40
Cannery Row,20210628,5,36.61426,121.89788,36.61443,121.89787,5,NA,10,2,0,NA,Cr.Cor,2
Cannery Row,20210628,5,36.61426,121.89788,36.61443,121.89787,5,NA,10,2,0,NA,AC,4
Cannery Row,20210628,5,36.61426,121.89788,36.61443,121.89787,5,NA,10,2,0,NA,Fila.,0
Cannery Row,20210628,5,36.61426,121.89788,36.61443,121.89787,5,NA,10,2,0,NA,Cort.,1
Cannery Row,20210628,5,36.61426,121.89788,36.61443,121.89787,5,NA,10,2,0,NA,Foliose,0
Cannery Row,20210628,5,36.61426,121.89788,36.61443,121.89787,5,NA,10,2,0,NA,Leath.,9
Cannery Row,20210628,5,36.61426,121.89788,36.61443,121.89787,5,NA,10,2,0,NA,Kelp,0
Cannery Row,20210628,5,36.61426,121.89788,36.61443,121.89787,5,NA,10,2,0,NA,SG,0
Cannery Row,20210628,5,36.61426,121.89788,36.61443,121.89787,5,NA,10,2,0,NA,BR,40
Sea Palm,20210712,4,36.6288,121.92147,36.62897,121.9216,1,Sea,0,0,0,0,Cr.NC,25
Sea Palm,20210712,4,36.6288,121.92147,36.62897,121.9216,1,Sea,0,0,0,0,Cr.Cor,0
Sea Palm,20210712,4,36.6288,121.92147,36.62897,121.9216,1,Sea,0,0,0,0,AC,2
Sea Palm,20210712,4,36.6288,121.92147,36.62897,121.9216,1,Sea,0,0,0,0,Fila.,3
Sea Palm,20210712,4,36.6288,121.92147,36.62897,121.9216,1,Sea,0,0,0,0,Cort.,34
Sea Palm,20210712,4,36.6288,121.92147,36.62897,121.9216,1,Sea,0,0,0,0,Foliose,0
Sea Palm,20210712,4,36.6288,121.92147,36.62897,121.9216,1,Sea,0,0,0,0,Leath.,4
Sea Palm,20210712,4,36.6288,121.92147,36.62897,121.9216,1,Sea,0,0,0,0,Kelp,0
Sea Palm,20210712,4,36.6288,121.92147,36.62897,121.9216,1,Sea,0,0,0,0,SG,30
Sea Palm,20210712,4,36.6288,121.92147,36.62897,121.9216,1,Sea,0,0,0,0,BR,8
Sea Palm,20210712,4,36.6288,121.92147,36.62897,121.9216,2,Land,0,0,0,0,Cr.NC,50
Sea Palm,20210712,4,36.6288,121.92147,36.62897,121.9216,2,Land,0,0,0,0,Cr.Cor,0
Sea Palm,20210712,4,36.6288,121.92147,36.62897,121.9216,2,Land,0,0,0,0,AC,0
Sea Palm,20210712,4,36.6288,121.92147,36.62897,121.9216,2,Land,0,0,0,0,Fila.,1
Sea Palm,20210712,4,36.6288,121.92147,36.62897,121.9216,2,Land,0,0,0,0,Cort.,10
Sea Palm,20210712,4,36.6288,121.92147,36.62897,121.9216,2,Land,0,0,0,0,Foliose,0
Sea Palm,20210712,4,36.6288,121.92147,36.62897,121.9216,2,Land,0,0,0,0,Leath.,3
Sea Palm,20210712,4,36.6288,121.92147,36.62897,121.9216,2,Land,0,0,0,0,Kelp,0
Sea Palm,20210712,4,36.6288,121.92147,36.62897,121.9216,2,Land,0,0,0,0,SG,8
Sea Palm,20210712,4,36.6288,121.92147,36.62897,121.9216,2,Land,0,0,0,0,BR,36
Sea Palm,20210712,4,36.6288,121.92147,36.62897,121.9216,3,Sea,0,0,0,0,Cr.NC,45
Sea Palm,20210712,4,36.6288,121.92147,36.62897,121.9216,3,Sea,0,0,0,0,Cr.Cor,0
Sea Palm,20210712,4,36.6288,121.92147,36.62897,121.9216,3,Sea,0,0,0,0,AC,0
Sea Palm,20210712,4,36.6288,121.92147,36.62897,121.9216,3,Sea,0,0,0,0,Fila.,4
Sea Palm,20210712,4,36.6288,121.92147,36.62897,121.9216,3,Sea,0,0,0,0,Cort.,15
Sea Palm,20210712,4,36.6288,121.92147,36.62897,121.9216,3,Sea,0,0,0,0,Foliose,0
Sea Palm,20210712,4,36.6288,121.92147,36.62897,121.9216,3,Sea,0,0,0,0,Leath.,36
Sea Palm,20210712,4,36.6288,121.92147,36.62897,121.9216,3,Sea,0,0,0,0,Kelp,0
Sea Palm,20210712,4,36.6288,121.92147,36.62897,121.9216,3,Sea,0,0,0,0,SG,30
Sea Palm,20210712,4,36.6288,121.92147,36.62897,121.9216,3,Sea,0,0,0,0,BR,5
Sea Palm,20210712,4,36.6288,121.92147,36.62897,121.9216,4,Land,0,3,0,0,Cr.NC,60
Sea Palm,20210712,4,36.6288,121.92147,36.62897,121.9216,4,Land,0,3,0,0,Cr.Cor,2
Sea Palm,20210712,4,36.6288,121.92147,36.62897,121.9216,4,Land,0,3,0,0,AC,0
Sea Palm,20210712,4,36.6288,121.92147,36.62897,121.9216,4,Land,0,3,0,0,Fila.,1
Sea Palm,20210712,4,36.6288,121.92147,36.62897,121.9216,4,Land,0,3,0,0,Cort.,15
Sea Palm,20210712,4,36.6288,121.92147,36.62897,121.9216,4,Land,0,3,0,0,Foliose,0
Sea Palm,20210712,4,36.6288,121.92147,36.62897,121.9216,4,Land,0,3,0,0,Leath.,10
Sea Palm,20210712,4,36.6288,121.92147,36.62897,121.9216,4,Land,0,3,0,0,Kelp,0
Sea Palm,20210712,4,36.6288,121.92147,36.62897,121.9216,4,Land,0,3,0,0,SG,20
Sea Palm,20210712,4,36.6288,121.92147,36.62897,121.9216,4,Land,0,3,0,0,BR,5
Sea Palm,20210712,4,36.6288,121.92147,36.62897,121.9216,5,Sea,0,0,0,0,Cr.NC,30
Sea Palm,20210712,4,36.6288,121.92147,36.62897,121.9216,5,Sea,0,0,0,0,Cr.Cor,0
Sea Palm,20210712,4,36.6288,121.92147,36.62897,121.9216,5,Sea,0,0,0,0,AC,0
Sea Palm,20210712,4,36.6288,121.92147,36.62897,121.9216,5,Sea,0,0,0,0,Fila.,3
Sea Palm,20210712,4,36.6288,121.92147,36.62897,121.9216,5,Sea,0,0,0,0,Cort.,23
Sea Palm,20210712,4,36.6288,121.92147,36.62897,121.9216,5,Sea,0,0,0,0,Foliose,0
Sea Palm,20210712,4,36.6288,121.92147,36.62897,121.9216,5,Sea,0,0,0,0,Leath.,13
Sea Palm,20210712,4,36.6288,121.92147,36.62897,121.9216,5,Sea,0,0,0,0,Kelp,0
Sea Palm,20210712,4,36.6288,121.92147,36.62897,121.9216,5,Sea,0,0,0,0,SG,20
Sea Palm,20210712,4,36.6288,121.92147,36.62897,121.9216,5,Sea,0,0,0,0,BR,20
Sea Palm,20210712,6,36.62953,121.92141,36.6297,121.92133,1,Land,0,0,0,0,Cr.NC,44
Sea Palm,20210712,6,36.62953,121.92141,36.6297,121.92133,1,Land,0,0,0,0,Cr.Cor,5
Sea Palm,20210712,6,36.62953,121.92141,36.6297,121.92133,1,Land,0,0,0,0,AC,2
Sea Palm,20210712,6,36.62953,121.92141,36.6297,121.92133,1,Land,0,0,0,0,Fila.,1
Sea Palm,20210712,6,36.62953,121.92141,36.6297,121.92133,1,Land,0,0,0,0,Cort.,15
Sea Palm,20210712,6,36.62953,121.92141,36.6297,121.92133,1,Land,0,0,0,0,Foliose,0
Sea Palm,20210712,6,36.62953,121.92141,36.6297,121.92133,1,Land,0,0,0,0,Leath.,25
Sea Palm,20210712,6,36.62953,121.92141,36.6297,121.92133,1,Land,0,0,0,0,Kelp,0
Sea Palm,20210712,6,36.62953,121.92141,36.6297,121.92133,1,Land,0,0,0,0,SG,1
Sea Palm,20210712,6,36.62953,121.92141,36.6297,121.92133,1,Land,0,0,0,0,BR,14
Sea Palm,20210712,6,36.62953,121.92141,36.6297,121.92133,2,Sea,0,0,0,0,Cr.NC,98
Sea Palm,20210712,6,36.62953,121.92141,36.6297,121.92133,2,Sea,0,0,0,0,Cr.Cor,4
Sea Palm,20210712,6,36.62953,121.92141,36.6297,121.92133,2,Sea,0,0,0,0,AC,1
Sea Palm,20210712,6,36.62953,121.92141,36.6297,121.92133,2,Sea,0,0,0,0,Fila.,1
Sea Palm,20210712,6,36.62953,121.92141,36.6297,121.92133,2,Sea,0,0,0,0,Cort.,7
Sea Palm,20210712,6,36.62953,121.92141,36.6297,121.92133,2,Sea,0,0,0,0,Foliose,0
Sea Palm,20210712,6,36.62953,121.92141,36.6297,121.92133,2,Sea,0,0,0,0,Leath.,51
Sea Palm,20210712,6,36.62953,121.92141,36.6297,121.92133,2,Sea,0,0,0,0,Kelp,0
Sea Palm,20210712,6,36.62953,121.92141,36.6297,121.92133,2,Sea,0,0,0,0,SG,0
Sea Palm,20210712,6,36.62953,121.92141,36.6297,121.92133,2,Sea,0,0,0,0,BR,2
Sea Palm,20210712,6,36.62953,121.92141,36.6297,121.92133,3,Land,0,0,0,0,Cr.NC,43
Sea Palm,20210712,6,36.62953,121.92141,36.6297,121.92133,3,Land,0,0,0,0,Cr.Cor,8
Sea Palm,20210712,6,36.62953,121.92141,36.6297,121.92133,3,Land,0,0,0,0,AC,3
Sea Palm,20210712,6,36.62953,121.92141,36.6297,121.92133,3,Land,0,0,0,0,Fila.,0
Sea Palm,20210712,6,36.62953,121.92141,36.6297,121.92133,3,Land,0,0,0,0,Cort.,27
Sea Palm,20210712,6,36.62953,121.92141,36.6297,121.92133,3,Land,0,0,0,0,Foliose,0
Sea Palm,20210712,6,36.62953,121.92141,36.6297,121.92133,3,Land,0,0,0,0,Leath.,5
Sea Palm,20210712,6,36.62953,121.92141,36.6297,121.92133,3,Land,0,0,0,0,Kelp,0
Sea Palm,20210712,6,36.62953,121.92141,36.6297,121.92133,3,Land,0,0,0,0,SG,0
Sea Palm,20210712,6,36.62953,121.92141,36.6297,121.92133,3,Land,0,0,0,0,BR,13
Sea Palm,20210712,6,36.62953,121.92141,36.6297,121.92133,4,Sea,0,0,0,0,Cr.NC,67
Sea Palm,20210712,6,36.62953,121.92141,36.6297,121.92133,4,Sea,0,0,0,0,Cr.Cor,7
Sea Palm,20210712,6,36.62953,121.92141,36.6297,121.92133,4,Sea,0,0,0,0,AC,0
Sea Palm,20210712,6,36.62953,121.92141,36.6297,121.92133,4,Sea,0,0,0,0,Fila.,1
Sea Palm,20210712,6,36.62953,121.92141,36.6297,121.92133,4,Sea,0,0,0,0,Cort.,4
Sea Palm,20210712,6,36.62953,121.92141,36.6297,121.92133,4,Sea,0,0,0,0,Foliose,0
Sea Palm,20210712,6,36.62953,121.92141,36.6297,121.92133,4,Sea,0,0,0,0,Leath.,4
Sea Palm,20210712,6,36.62953,121.92141,36.6297,121.92133,4,Sea,0,0,0,0,Kelp,0
Sea Palm,20210712,6,36.62953,121.92141,36.6297,121.92133,4,Sea,0,0,0,0,SG,0
Sea Palm,20210712,6,36.62953,121.92141,36.6297,121.92133,4,Sea,0,0,0,0,BR,41
Sea Palm,20210712,6,36.62953,121.92141,36.6297,121.92133,5,Land,1,0,4,0,Cr.NC,18
Sea Palm,20210712,6,36.62953,121.92141,36.6297,121.92133,5,Land,1,0,4,0,Cr.Cor,26
Sea Palm,20210712,6,36.62953,121.92141,36.6297,121.92133,5,Land,1,0,4,0,AC,14
Sea Palm,20210712,6,36.62953,121.92141,36.6297,121.92133,5,Land,1,0,4,0,Fila.,1
Sea Palm,20210712,6,36.62953,121.92141,36.6297,121.92133,5,Land,1,0,4,0,Cort.,16
Sea Palm,20210712,6,36.62953,121.92141,36.6297,121.92133,5,Land,1,0,4,0,Foliose,2
Sea Palm,20210712,6,36.62953,121.92141,36.6297,121.92133,5,Land,1,0,4,0,Leath.,9
Sea Palm,20210712,6,36.62953,121.92141,36.6297,121.92133,5,Land,1,0,4,0,Kelp,0
Sea Palm,20210712,6,36.62953,121.92141,36.6297,121.92133,5,Land,1,0,4,0,SG,0
Sea Palm,20210712,6,36.62953,121.92141,36.6297,121.92133,5,Land,1,0,4,0,BR,10
Point Pinos,20210624,3,36.63803,121.93687,36.63819,121.93697,1,NA,2,12,0,0,Cr.NC,25
Point Pinos,20210624,3,36.63803,121.93687,36.63819,121.93697,1,NA,2,12,0,0,Cr.Cor,1
Point Pinos,20210624,3,36.63803,121.93687,36.63819,121.93697,1,NA,2,12,0,0,AC,1
Point Pinos,20210624,3,36.63803,121.93687,36.63819,121.93697,1,NA,2,12,0,0,Fila.,0
Point Pinos,20210624,3,36.63803,121.93687,36.63819,121.93697,1,NA,2,12,0,0,Cort.,2
Point Pinos,20210624,3,36.63803,121.93687,36.63819,121.93697,1,NA,2,12,0,0,Foliose,17
Point Pinos,20210624,3,36.63803,121.93687,36.63819,121.93697,1,NA,2,12,0,0,Leath.,35
Point Pinos,20210624,3,36.63803,121.93687,36.63819,121.93697,1,NA,2,12,0,0,Kelp,0
Point Pinos,20210624,3,36.63803,121.93687,36.63819,121.93697,1,NA,2,12,0,0,SG,0
Point Pinos,20210624,3,36.63803,121.93687,36.63819,121.93697,1,NA,2,12,0,0,BR,7
Point Pinos,20210624,3,36.63803,121.93687,36.63819,121.93697,2,NA,NA,NA,NA,NA,Cr.NC,NA
Point Pinos,20210624,3,36.63803,121.93687,36.63819,121.93697,2,NA,NA,NA,NA,NA,Cr.Cor,NA
Point Pinos,20210624,3,36.63803,121.93687,36.63819,121.93697,2,NA,NA,NA,NA,NA,AC,NA
Point Pinos,20210624,3,36.63803,121.93687,36.63819,121.93697,2,NA,NA,NA,NA,NA,Fila.,NA
Point Pinos,20210624,3,36.63803,121.93687,36.63819,121.93697,2,NA,NA,NA,NA,NA,Cort.,NA
Point Pinos,20210624,3,36.63803,121.93687,36.63819,121.93697,2,NA,NA,NA,NA,NA,Foliose,NA
Point Pinos,20210624,3,36.63803,121.93687,36.63819,121.93697,2,NA,NA,NA,NA,NA,Leath.,NA
Point Pinos,20210624,3,36.63803,121.93687,36.63819,121.93697,2,NA,NA,NA,NA,NA,Kelp,NA
Point Pinos,20210624,3,36.63803,121.93687,36.63819,121.93697,2,NA,NA,NA,NA,NA,SG,NA
Point Pinos,20210624,3,36.63803,121.93687,36.63819,121.93697,2,NA,NA,NA,NA,NA,BR,NA
Point Pinos,20210624,3,36.63803,121.93687,36.63819,121.93697,3,NA,NA,NA,NA,NA,Cr.NC,NA
Point Pinos,20210624,3,36.63803,121.93687,36.63819,121.93697,3,NA,NA,NA,NA,NA,Cr.Cor,NA
Point Pinos,20210624,3,36.63803,121.93687,36.63819,121.93697,3,NA,NA,NA,NA,NA,AC,NA
Point Pinos,20210624,3,36.63803,121.93687,36.63819,121.93697,3,NA,NA,NA,NA,NA,Fila.,NA
Point Pinos,20210624,3,36.63803,121.93687,36.63819,121.93697,3,NA,NA,NA,NA,NA,Cort.,NA
Point Pinos,20210624,3,36.63803,121.93687,36.63819,121.93697,3,NA,NA,NA,NA,NA,Foliose,NA
Point Pinos,20210624,3,36.63803,121.93687,36.63819,121.93697,3,NA,NA,NA,NA,NA,Leath.,NA
Point Pinos,20210624,3,36.63803,121.93687,36.63819,121.93697,3,NA,NA,NA,NA,NA,Kelp,NA
Point Pinos,20210624,3,36.63803,121.93687,36.63819,121.93697,3,NA,NA,NA,NA,NA,SG,NA
Point Pinos,20210624,3,36.63803,121.93687,36.63819,121.93697,3,NA,NA,NA,NA,NA,BR,NA
Point Pinos,20210624,3,36.63803,121.93687,36.63819,121.93697,4,NA,NA,NA,NA,NA,Cr.NC,NA
Point Pinos,20210624,3,36.63803,121.93687,36.63819,121.93697,4,NA,NA,NA,NA,NA,Cr.Cor,NA
Point Pinos,20210624,3,36.63803,121.93687,36.63819,121.93697,4,NA,NA,NA,NA,NA,AC,NA
Point Pinos,20210624,3,36.63803,121.93687,36.63819,121.93697,4,NA,NA,NA,NA,NA,Fila.,NA
Point Pinos,20210624,3,36.63803,121.93687,36.63819,121.93697,4,NA,NA,NA,NA,NA,Cort.,NA
Point Pinos,20210624,3,36.63803,121.93687,36.63819,121.93697,4,NA,NA,NA,NA,NA,Foliose,NA
Point Pinos,20210624,3,36.63803,121.93687,36.63819,121.93697,4,NA,NA,NA,NA,NA,Leath.,NA
Point Pinos,20210624,3,36.63803,121.93687,36.63819,121.93697,4,NA,NA,NA,NA,NA,Kelp,NA
Point Pinos,20210624,3,36.63803,121.93687,36.63819,121.93697,4,NA,NA,NA,NA,NA,SG,NA
Point Pinos,20210624,3,36.63803,121.93687,36.63819,121.93697,4,NA,NA,NA,NA,NA,BR,NA
Point Pinos,20210624,3,36.63803,121.93687,36.63819,121.93697,5,NA,NA,NA,NA,NA,Cr.NC,NA
Point Pinos,20210624,3,36.63803,121.93687,36.63819,121.93697,5,NA,NA,NA,NA,NA,Cr.Cor,NA
Point Pinos,20210624,3,36.63803,121.93687,36.63819,121.93697,5,NA,NA,NA,NA,NA,AC,NA
Point Pinos,20210624,3,36.63803,121.93687,36.63819,121.93697,5,NA,NA,NA,NA,NA,Fila.,NA
Point Pinos,20210624,3,36.63803,121.93687,36.63819,121.93697,5,NA,NA,NA,NA,NA,Cort.,NA
Point Pinos,20210624,3,36.63803,121.93687,36.63819,121.93697,5,NA,NA,NA,NA,NA,Foliose,NA
Point Pinos,20210624,3,36.63803,121.93687,36.63819,121.93697,5,NA,NA,NA,NA,NA,Leath.,NA
Point Pinos,20210624,3,36.63803,121.93687,36.63819,121.93697,5,NA,NA,NA,NA,NA,Kelp,NA
Point Pinos,20210624,3,36.63803,121.93687,36.63819,121.93697,5,NA,NA,NA,NA,NA,SG,NA
Point Pinos,20210624,3,36.63803,121.93687,36.63819,121.93697,5,NA,NA,NA,NA,NA,BR,NA
Point Pinos,20210624,4,36.63837,121.93707,36.63847,121.93723,1,Land,NA,1,2,NA,Cr.NC,47
Point Pinos,20210624,4,36.63837,121.93707,36.63847,121.93723,1,Land,NA,1,2,NA,Cr.Cor,1
Point Pinos,20210624,4,36.63837,121.93707,36.63847,121.93723,1,Land,NA,1,2,NA,AC,0
Point Pinos,20210624,4,36.63837,121.93707,36.63847,121.93723,1,Land,NA,1,2,NA,Fila.,0
Point Pinos,20210624,4,36.63837,121.93707,36.63847,121.93723,1,Land,NA,1,2,NA,Cort.,2
Point Pinos,20210624,4,36.63837,121.93707,36.63847,121.93723,1,Land,NA,1,2,NA,Foliose,3
Point Pinos,20210624,4,36.63837,121.93707,36.63847,121.93723,1,Land,NA,1,2,NA,Leath.,35
Point Pinos,20210624,4,36.63837,121.93707,36.63847,121.93723,1,Land,NA,1,2,NA,Kelp,0
Point Pinos,20210624,4,36.63837,121.93707,36.63847,121.93723,1,Land,NA,1,2,NA,SG,0
Point Pinos,20210624,4,36.63837,121.93707,36.63847,121.93723,1,Land,NA,1,2,NA,BR,18
Point Pinos,20210624,4,36.63837,121.93707,36.63847,121.93723,2,NA,NA,NA,NA,NA,Cr.NC,NA
Point Pinos,20210624,4,36.63837,121.93707,36.63847,121.93723,2,NA,NA,NA,NA,NA,Cr.Cor,NA
Point Pinos,20210624,4,36.63837,121.93707,36.63847,121.93723,2,NA,NA,NA,NA,NA,AC,NA
Point Pinos,20210624,4,36.63837,121.93707,36.63847,121.93723,2,NA,NA,NA,NA,NA,Fila.,NA
Point Pinos,20210624,4,36.63837,121.93707,36.63847,121.93723,2,NA,NA,NA,NA,NA,Cort.,NA
Point Pinos,20210624,4,36.63837,121.93707,36.63847,121.93723,2,NA,NA,NA,NA,NA,Foliose,NA
Point Pinos,20210624,4,36.63837,121.93707,36.63847,121.93723,2,NA,NA,NA,NA,NA,Leath.,NA
Point Pinos,20210624,4,36.63837,121.93707,36.63847,121.93723,2,NA,NA,NA,NA,NA,Kelp,NA
Point Pinos,20210624,4,36.63837,121.93707,36.63847,121.93723,2,NA,NA,NA,NA,NA,SG,NA
Point Pinos,20210624,4,36.63837,121.93707,36.63847,121.93723,2,NA,NA,NA,NA,NA,BR,NA
Point Pinos,20210624,4,36.63837,121.93707,36.63847,121.93723,3,NA,NA,NA,NA,NA,Cr.NC,NA
Point Pinos,20210624,4,36.63837,121.93707,36.63847,121.93723,3,NA,NA,NA,NA,NA,Cr.Cor,NA
Point Pinos,20210624,4,36.63837,121.93707,36.63847,121.93723,3,NA,NA,NA,NA,NA,AC,NA
Point Pinos,20210624,4,36.63837,121.93707,36.63847,121.93723,3,NA,NA,NA,NA,NA,Fila.,NA
Point Pinos,20210624,4,36.63837,121.93707,36.63847,121.93723,3,NA,NA,NA,NA,NA,Cort.,NA
Point Pinos,20210624,4,36.63837,121.93707,36.63847,121.93723,3,NA,NA,NA,NA,NA,Foliose,NA
Point Pinos,20210624,4,36.63837,121.93707,36.63847,121.93723,3,NA,NA,NA,NA,NA,Leath.,NA
Point Pinos,20210624,4,36.63837,121.93707,36.63847,121.93723,3,NA,NA,NA,NA,NA,Kelp,NA
Point Pinos,20210624,4,36.63837,121.93707,36.63847,121.93723,3,NA,NA,NA,NA,NA,SG,NA
Point Pinos,20210624,4,36.63837,121.93707,36.63847,121.93723,3,NA,NA,NA,NA,NA,BR,NA
Point Pinos,20210624,4,36.63837,121.93707,36.63847,121.93723,4,Land,2,1,1,NA,Cr.NC,40
Point Pinos,20210624,4,36.63837,121.93707,36.63847,121.93723,4,Land,2,1,1,NA,Cr.Cor,1
Point Pinos,20210624,4,36.63837,121.93707,36.63847,121.93723,4,Land,2,1,1,NA,AC,1
Point Pinos,20210624,4,36.63837,121.93707,36.63847,121.93723,4,Land,2,1,1,NA,Fila.,0
Point Pinos,20210624,4,36.63837,121.93707,36.63847,121.93723,4,Land,2,1,1,NA,Cort.,8
Point Pinos,20210624,4,36.63837,121.93707,36.63847,121.93723,4,Land,2,1,1,NA,Foliose,1
Point Pinos,20210624,4,36.63837,121.93707,36.63847,121.93723,4,Land,2,1,1,NA,Leath.,15
Point Pinos,20210624,4,36.63837,121.93707,36.63847,121.93723,4,Land,2,1,1,NA,Kelp,0
Point Pinos,20210624,4,36.63837,121.93707,36.63847,121.93723,4,Land,2,1,1,NA,SG,0
Point Pinos,20210624,4,36.63837,121.93707,36.63847,121.93723,4,Land,2,1,1,NA,BR,26
Point Pinos,20210624,4,36.63837,121.93707,36.63847,121.93723,5,Sea,7,0,6,NA,Cr.NC,20
Point Pinos,20210624,4,36.63837,121.93707,36.63847,121.93723,5,Sea,7,0,6,NA,Cr.Cor,0
Point Pinos,20210624,4,36.63837,121.93707,36.63847,121.93723,5,Sea,7,0,6,NA,AC,0
Point Pinos,20210624,4,36.63837,121.93707,36.63847,121.93723,5,Sea,7,0,6,NA,Fila.,1
Point Pinos,20210624,4,36.63837,121.93707,36.63847,121.93723,5,Sea,7,0,6,NA,Cort.,30
Point Pinos,20210624,4,36.63837,121.93707,36.63847,121.93723,5,Sea,7,0,6,NA,Foliose,1
Point Pinos,20210624,4,36.63837,121.93707,36.63847,121.93723,5,Sea,7,0,6,NA,Leath.,16
Point Pinos,20210624,4,36.63837,121.93707,36.63847,121.93723,5,Sea,7,0,6,NA,Kelp,0
Point Pinos,20210624,4,36.63837,121.93707,36.63847,121.93723,5,Sea,7,0,6,NA,SG,1
Point Pinos,20210624,4,36.63837,121.93707,36.63847,121.93723,5,Sea,7,0,6,NA,BR,28
Point Pinos,20210624,2,36.63791,121.93667,36.63801,121.93684,1,NA,NA,NA,NA,NA,Cr.NC,NA
Point Pinos,20210624,2,36.63791,121.93667,36.63801,121.93684,1,NA,NA,NA,NA,NA,Cr.Cor,NA
Point Pinos,20210624,2,36.63791,121.93667,36.63801,121.93684,1,NA,NA,NA,NA,NA,AC,NA
Point Pinos,20210624,2,36.63791,121.93667,36.63801,121.93684,1,NA,NA,NA,NA,NA,Fila.,NA
Point Pinos,20210624,2,36.63791,121.93667,36.63801,121.93684,1,NA,NA,NA,NA,NA,Cort.,NA
Point Pinos,20210624,2,36.63791,121.93667,36.63801,121.93684,1,NA,NA,NA,NA,NA,Foliose,NA
Point Pinos,20210624,2,36.63791,121.93667,36.63801,121.93684,1,NA,NA,NA,NA,NA,Leath.,NA
Point Pinos,20210624,2,36.63791,121.93667,36.63801,121.93684,1,NA,NA,NA,NA,NA,Kelp,NA
Point Pinos,20210624,2,36.63791,121.93667,36.63801,121.93684,1,NA,NA,NA,NA,NA,SG,NA
Point Pinos,20210624,2,36.63791,121.93667,36.63801,121.93684,1,NA,NA,NA,NA,NA,BR,NA
Point Pinos,20210624,2,36.63791,121.93667,36.63801,121.93684,2,NA,NA,NA,NA,NA,Cr.NC,NA
Point Pinos,20210624,2,36.63791,121.93667,36.63801,121.93684,2,NA,NA,NA,NA,NA,Cr.Cor,NA
Point Pinos,20210624,2,36.63791,121.93667,36.63801,121.93684,2,NA,NA,NA,NA,NA,AC,NA
Point Pinos,20210624,2,36.63791,121.93667,36.63801,121.93684,2,NA,NA,NA,NA,NA,Fila.,NA
Point Pinos,20210624,2,36.63791,121.93667,36.63801,121.93684,2,NA,NA,NA,NA,NA,Cort.,NA
Point Pinos,20210624,2,36.63791,121.93667,36.63801,121.93684,2,NA,NA,NA,NA,NA,Foliose,NA
Point Pinos,20210624,2,36.63791,121.93667,36.63801,121.93684,2,NA,NA,NA,NA,NA,Leath.,NA
Point Pinos,20210624,2,36.63791,121.93667,36.63801,121.93684,2,NA,NA,NA,NA,NA,Kelp,NA
Point Pinos,20210624,2,36.63791,121.93667,36.63801,121.93684,2,NA,NA,NA,NA,NA,SG,NA
Point Pinos,20210624,2,36.63791,121.93667,36.63801,121.93684,2,NA,NA,NA,NA,NA,BR,NA
Point Pinos,20210624,2,36.63791,121.93667,36.63801,121.93684,3,NA,NA,NA,NA,NA,Cr.NC,NA
Point Pinos,20210624,2,36.63791,121.93667,36.63801,121.93684,3,NA,NA,NA,NA,NA,Cr.Cor,NA
Point Pinos,20210624,2,36.63791,121.93667,36.63801,121.93684,3,NA,NA,NA,NA,NA,AC,NA
Point Pinos,20210624,2,36.63791,121.93667,36.63801,121.93684,3,NA,NA,NA,NA,NA,Fila.,NA
Point Pinos,20210624,2,36.63791,121.93667,36.63801,121.93684,3,NA,NA,NA,NA,NA,Cort.,NA
Point Pinos,20210624,2,36.63791,121.93667,36.63801,121.93684,3,NA,NA,NA,NA,NA,Foliose,NA
Point Pinos,20210624,2,36.63791,121.93667,36.63801,121.93684,3,NA,NA,NA,NA,NA,Leath.,NA
Point Pinos,20210624,2,36.63791,121.93667,36.63801,121.93684,3,NA,NA,NA,NA,NA,Kelp,NA
Point Pinos,20210624,2,36.63791,121.93667,36.63801,121.93684,3,NA,NA,NA,NA,NA,SG,NA
Point Pinos,20210624,2,36.63791,121.93667,36.63801,121.93684,3,NA,NA,NA,NA,NA,BR,NA
Point Pinos,20210624,2,36.63791,121.93667,36.63801,121.93684,4,NA,NA,NA,NA,NA,Cr.NC,NA
Point Pinos,20210624,2,36.63791,121.93667,36.63801,121.93684,4,NA,NA,NA,NA,NA,Cr.Cor,NA
Point Pinos,20210624,2,36.63791,121.93667,36.63801,121.93684,4,NA,NA,NA,NA,NA,AC,NA
Point Pinos,20210624,2,36.63791,121.93667,36.63801,121.93684,4,NA,NA,NA,NA,NA,Fila.,NA
Point Pinos,20210624,2,36.63791,121.93667,36.63801,121.93684,4,NA,NA,NA,NA,NA,Cort.,NA
Point Pinos,20210624,2,36.63791,121.93667,36.63801,121.93684,4,NA,NA,NA,NA,NA,Foliose,NA
Point Pinos,20210624,2,36.63791,121.93667,36.63801,121.93684,4,NA,NA,NA,NA,NA,Leath.,NA
Point Pinos,20210624,2,36.63791,121.93667,36.63801,121.93684,4,NA,NA,NA,NA,NA,Kelp,NA
Point Pinos,20210624,2,36.63791,121.93667,36.63801,121.93684,4,NA,NA,NA,NA,NA,SG,NA
Point Pinos,20210624,2,36.63791,121.93667,36.63801,121.93684,4,NA,NA,NA,NA,NA,BR,NA
Point Pinos,20210624,2,36.63791,121.93667,36.63801,121.93684,5,NA,NA,1,0.5,NA,Cr.NC,56
Point Pinos,20210624,2,36.63791,121.93667,36.63801,121.93684,5,NA,NA,1,0.5,NA,Cr.Cor,6
Point Pinos,20210624,2,36.63791,121.93667,36.63801,121.93684,5,NA,NA,1,0.5,NA,AC,0.5
Point Pinos,20210624,2,36.63791,121.93667,36.63801,121.93684,5,NA,NA,1,0.5,NA,Fila.,0
Point Pinos,20210624,2,36.63791,121.93667,36.63801,121.93684,5,NA,NA,1,0.5,NA,Cort.,5
Point Pinos,20210624,2,36.63791,121.93667,36.63801,121.93684,5,NA,NA,1,0.5,NA,Foliose,1
Point Pinos,20210624,2,36.63791,121.93667,36.63801,121.93684,5,NA,NA,1,0.5,NA,Leath.,18
Point Pinos,20210624,2,36.63791,121.93667,36.63801,121.93684,5,NA,NA,1,0.5,NA,Kelp,0
Point Pinos,20210624,2,36.63791,121.93667,36.63801,121.93684,5,NA,NA,1,0.5,NA,SG,0.5
Point Pinos,20210624,2,36.63791,121.93667,36.63801,121.93684,5,NA,NA,1,0.5,NA,BR,16
Sea Palm,20210712,5,36.62934,121.92155,36.62951,121.92147,1,Land,0,0,0,4,Cr.NC,60
Sea Palm,20210712,5,36.62934,121.92155,36.62951,121.92147,1,Land,0,0,0,4,Cr.Cor,0.5
Sea Palm,20210712,5,36.62934,121.92155,36.62951,121.92147,1,Land,0,0,0,4,AC,0
Sea Palm,20210712,5,36.62934,121.92155,36.62951,121.92147,1,Land,0,0,0,4,Fila.,1
Sea Palm,20210712,5,36.62934,121.92155,36.62951,121.92147,1,Land,0,0,0,4,Cort.,10
Sea Palm,20210712,5,36.62934,121.92155,36.62951,121.92147,1,Land,0,0,0,4,Foliose,0
Sea Palm,20210712,5,36.62934,121.92155,36.62951,121.92147,1,Land,0,0,0,4,Leath.,3
Sea Palm,20210712,5,36.62934,121.92155,36.62951,121.92147,1,Land,0,0,0,4,Kelp,0
Sea Palm,20210712,5,36.62934,121.92155,36.62951,121.92147,1,Land,0,0,0,4,SG,0.5
Sea Palm,20210712,5,36.62934,121.92155,36.62951,121.92147,1,Land,0,0,0,4,BR,44
Sea Palm,20210712,5,36.62934,121.92155,36.62951,121.92147,2,Sea,0,0,0,3,Cr.NC,46
Sea Palm,20210712,5,36.62934,121.92155,36.62951,121.92147,2,Sea,0,0,0,3,Cr.Cor,1
Sea Palm,20210712,5,36.62934,121.92155,36.62951,121.92147,2,Sea,0,0,0,3,AC,0
Sea Palm,20210712,5,36.62934,121.92155,36.62951,121.92147,2,Sea,0,0,0,3,Fila.,0.5
Sea Palm,20210712,5,36.62934,121.92155,36.62951,121.92147,2,Sea,0,0,0,3,Cort.,7
Sea Palm,20210712,5,36.62934,121.92155,36.62951,121.92147,2,Sea,0,0,0,3,Foliose,0
Sea Palm,20210712,5,36.62934,121.92155,36.62951,121.92147,2,Sea,0,0,0,3,Leath.,6
Sea Palm,20210712,5,36.62934,121.92155,36.62951,121.92147,2,Sea,0,0,0,3,Kelp,0
Sea Palm,20210712,5,36.62934,121.92155,36.62951,121.92147,2,Sea,0,0,0,3,SG,0.5
Sea Palm,20210712,5,36.62934,121.92155,36.62951,121.92147,2,Sea,0,0,0,3,BR,52
Sea Palm,20210712,5,36.62934,121.92155,36.62951,121.92147,3,Land,0,0,0,7,Cr.NC,20
Sea Palm,20210712,5,36.62934,121.92155,36.62951,121.92147,3,Land,0,0,0,7,Cr.Cor,0
Sea Palm,20210712,5,36.62934,121.92155,36.62951,121.92147,3,Land,0,0,0,7,AC,0
Sea Palm,20210712,5,36.62934,121.92155,36.62951,121.92147,3,Land,0,0,0,7,Fila.,0.5
Sea Palm,20210712,5,36.62934,121.92155,36.62951,121.92147,3,Land,0,0,0,7,Cort.,10
Sea Palm,20210712,5,36.62934,121.92155,36.62951,121.92147,3,Land,0,0,0,7,Foliose,0
Sea Palm,20210712,5,36.62934,121.92155,36.62951,121.92147,3,Land,0,0,0,7,Leath.,13
Sea Palm,20210712,5,36.62934,121.92155,36.62951,121.92147,3,Land,0,0,0,7,Kelp,0
Sea Palm,20210712,5,36.62934,121.92155,36.62951,121.92147,3,Land,0,0,0,7,SG,2
Sea Palm,20210712,5,36.62934,121.92155,36.62951,121.92147,3,Land,0,0,0,7,BR,60
Sea Palm,20210712,5,36.62934,121.92155,36.62951,121.92147,4,Sea,0,1,0,2,Cr.NC,28
Sea Palm,20210712,5,36.62934,121.92155,36.62951,121.92147,4,Sea,0,1,0,2,Cr.Cor,0.5
Sea Palm,20210712,5,36.62934,121.92155,36.62951,121.92147,4,Sea,0,1,0,2,AC,0
Sea Palm,20210712,5,36.62934,121.92155,36.62951,121.92147,4,Sea,0,1,0,2,Fila.,2
Sea Palm,20210712,5,36.62934,121.92155,36.62951,121.92147,4,Sea,0,1,0,2,Cort.,30
Sea Palm,20210712,5,36.62934,121.92155,36.62951,121.92147,4,Sea,0,1,0,2,Foliose,0
Sea Palm,20210712,5,36.62934,121.92155,36.62951,121.92147,4,Sea,0,1,0,2,Leath.,25
Sea Palm,20210712,5,36.62934,121.92155,36.62951,121.92147,4,Sea,0,1,0,2,Kelp,0
Sea Palm,20210712,5,36.62934,121.92155,36.62951,121.92147,4,Sea,0,1,0,2,SG,1
Sea Palm,20210712,5,36.62934,121.92155,36.62951,121.92147,4,Sea,0,1,0,2,BR,20
Sea Palm,20210712,5,36.62934,121.92155,36.62951,121.92147,5,Land,0,0,0,4,Cr.NC,35
Sea Palm,20210712,5,36.62934,121.92155,36.62951,121.92147,5,Land,0,0,0,4,Cr.Cor,1
Sea Palm,20210712,5,36.62934,121.92155,36.62951,121.92147,5,Land,0,0,0,4,AC,0
Sea Palm,20210712,5,36.62934,121.92155,36.62951,121.92147,5,Land,0,0,0,4,Fila.,0
Sea Palm,20210712,5,36.62934,121.92155,36.62951,121.92147,5,Land,0,0,0,4,Cort.,0
Sea Palm,20210712,5,36.62934,121.92155,36.62951,121.92147,5,Land,0,0,0,4,Foliose,0
Sea Palm,20210712,5,36.62934,121.92155,36.62951,121.92147,5,Land,0,0,0,4,Leath.,21
Sea Palm,20210712,5,36.62934,121.92155,36.62951,121.92147,5,Land,0,0,0,4,Kelp,0
Sea Palm,20210712,5,36.62934,121.92155,36.62951,121.92147,5,Land,0,0,0,4,SG,0.5
Sea Palm,20210712,5,36.62934,121.92155,36.62951,121.92147,5,Land,0,0,0,4,BR,34
Hopkins,20210723,3,36.62126,121.9032,36.6214,121.90339,1,Land,0,1,0,3,Cr.NC,40
Hopkins,20210723,3,36.62126,121.9032,36.6214,121.90339,1,Land,0,1,0,3,Cr.Cor,2
Hopkins,20210723,3,36.62126,121.9032,36.6214,121.90339,1,Land,0,1,0,3,AC,1
Hopkins,20210723,3,36.62126,121.9032,36.6214,121.90339,1,Land,0,1,0,3,Fila.,0
Hopkins,20210723,3,36.62126,121.9032,36.6214,121.90339,1,Land,0,1,0,3,Cort.,10
Hopkins,20210723,3,36.62126,121.9032,36.6214,121.90339,1,Land,0,1,0,3,Foliose,0
Hopkins,20210723,3,36.62126,121.9032,36.6214,121.90339,1,Land,0,1,0,3,Leath.,50
Hopkins,20210723,3,36.62126,121.9032,36.6214,121.90339,1,Land,0,1,0,3,Kelp,0
Hopkins,20210723,3,36.62126,121.9032,36.6214,121.90339,1,Land,0,1,0,3,SG,0
Hopkins,20210723,3,36.62126,121.9032,36.6214,121.90339,1,Land,0,1,0,3,BR,10
Hopkins,20210723,3,36.62126,121.9032,36.6214,121.90339,2,Sea,0,2,0,0,Cr.NC,15
Hopkins,20210723,3,36.62126,121.9032,36.6214,121.90339,2,Sea,0,2,0,0,Cr.Cor,0
Hopkins,20210723,3,36.62126,121.9032,36.6214,121.90339,2,Sea,0,2,0,0,AC,1
Hopkins,20210723,3,36.62126,121.9032,36.6214,121.90339,2,Sea,0,2,0,0,Fila.,1
Hopkins,20210723,3,36.62126,121.9032,36.6214,121.90339,2,Sea,0,2,0,0,Cort.,15
Hopkins,20210723,3,36.62126,121.9032,36.6214,121.90339,2,Sea,0,2,0,0,Foliose,0
Hopkins,20210723,3,36.62126,121.9032,36.6214,121.90339,2,Sea,0,2,0,0,Leath.,43
Hopkins,20210723,3,36.62126,121.9032,36.6214,121.90339,2,Sea,0,2,0,0,Kelp,0
Hopkins,20210723,3,36.62126,121.9032,36.6214,121.90339,2,Sea,0,2,0,0,SG,2
Hopkins,20210723,3,36.62126,121.9032,36.6214,121.90339,2,Sea,0,2,0,0,BR,35
Hopkins,20210723,3,36.62126,121.9032,36.6214,121.90339,3,Land,2,3,0,0,Cr.NC,16
Hopkins,20210723,3,36.62126,121.9032,36.6214,121.90339,3,Land,2,3,0,0,Cr.Cor,0
Hopkins,20210723,3,36.62126,121.9032,36.6214,121.90339,3,Land,2,3,0,0,AC,0
Hopkins,20210723,3,36.62126,121.9032,36.6214,121.90339,3,Land,2,3,0,0,Fila.,0
Hopkins,20210723,3,36.62126,121.9032,36.6214,121.90339,3,Land,2,3,0,0,Cort.,6
Hopkins,20210723,3,36.62126,121.9032,36.6214,121.90339,3,Land,2,3,0,0,Foliose,0
Hopkins,20210723,3,36.62126,121.9032,36.6214,121.90339,3,Land,2,3,0,0,Leath.,38
Hopkins,20210723,3,36.62126,121.9032,36.6214,121.90339,3,Land,2,3,0,0,Kelp,0
Hopkins,20210723,3,36.62126,121.9032,36.6214,121.90339,3,Land,2,3,0,0,SG,0
Hopkins,20210723,3,36.62126,121.9032,36.6214,121.90339,3,Land,2,3,0,0,BR,52
Hopkins,20210723,3,36.62126,121.9032,36.6214,121.90339,4,Sea,2,1,0,0,Cr.NC,7
Hopkins,20210723,3,36.62126,121.9032,36.6214,121.90339,4,Sea,2,1,0,0,Cr.Cor,0
Hopkins,20210723,3,36.62126,121.9032,36.6214,121.90339,4,Sea,2,1,0,0,AC,0
Hopkins,20210723,3,36.62126,121.9032,36.6214,121.90339,4,Sea,2,1,0,0,Fila.,0
Hopkins,20210723,3,36.62126,121.9032,36.6214,121.90339,4,Sea,2,1,0,0,Cort.,5
Hopkins,20210723,3,36.62126,121.9032,36.6214,121.90339,4,Sea,2,1,0,0,Foliose,0
Hopkins,20210723,3,36.62126,121.9032,36.6214,121.90339,4,Sea,2,1,0,0,Leath.,60
Hopkins,20210723,3,36.62126,121.9032,36.6214,121.90339,4,Sea,2,1,0,0,Kelp,0
Hopkins,20210723,3,36.62126,121.9032,36.6214,121.90339,4,Sea,2,1,0,0,SG,0
Hopkins,20210723,3,36.62126,121.9032,36.6214,121.90339,4,Sea,2,1,0,0,BR,30
Hopkins,20210723,3,36.62126,121.9032,36.6214,121.90339,5,Land,0,1,0,1,Cr.NC,15
Hopkins,20210723,3,36.62126,121.9032,36.6214,121.90339,5,Land,0,1,0,1,Cr.Cor,7
Hopkins,20210723,3,36.62126,121.9032,36.6214,121.90339,5,Land,0,1,0,1,AC,1
Hopkins,20210723,3,36.62126,121.9032,36.6214,121.90339,5,Land,0,1,0,1,Fila.,0
Hopkins,20210723,3,36.62126,121.9032,36.6214,121.90339,5,Land,0,1,0,1,Cort.,8
Hopkins,20210723,3,36.62126,121.9032,36.6214,121.90339,5,Land,0,1,0,1,Foliose,0
Hopkins,20210723,3,36.62126,121.9032,36.6214,121.90339,5,Land,0,1,0,1,Leath.,20
Hopkins,20210723,3,36.62126,121.9032,36.6214,121.90339,5,Land,0,1,0,1,Kelp,0
Hopkins,20210723,3,36.62126,121.9032,36.6214,121.90339,5,Land,0,1,0,1,SG,0
Hopkins,20210723,3,36.62126,121.9032,36.6214,121.90339,5,Land,0,1,0,1,BR,63
Hopkins,20210723,3,36.62126,121.9032,36.6214,121.90339,6,Sea,0,4,0,1,Cr.NC,30
Hopkins,20210723,3,36.62126,121.9032,36.6214,121.90339,6,Sea,0,4,0,1,Cr.Cor,0
Hopkins,20210723,3,36.62126,121.9032,36.6214,121.90339,6,Sea,0,4,0,1,AC,0
Hopkins,20210723,3,36.62126,121.9032,36.6214,121.90339,6,Sea,0,4,0,1,Fila.,0
Hopkins,20210723,3,36.62126,121.9032,36.6214,121.90339,6,Sea,0,4,0,1,Cort.,45
Hopkins,20210723,3,36.62126,121.9032,36.6214,121.90339,6,Sea,0,4,0,1,Foliose,1
Hopkins,20210723,3,36.62126,121.9032,36.6214,121.90339,6,Sea,0,4,0,1,Leath.,60
Hopkins,20210723,3,36.62126,121.9032,36.6214,121.90339,6,Sea,0,4,0,1,Kelp,0
Hopkins,20210723,3,36.62126,121.9032,36.6214,121.90339,6,Sea,0,4,0,1,SG,0
Hopkins,20210723,3,36.62126,121.9032,36.6214,121.90339,6,Sea,0,4,0,1,BR,0
